Time,CPU Usage,Memory Usage
0,6.7,44.5
101,1.9,44.5
201,1.3,44.5
302,1.9,44.5
404,3.1,44.5
504,1.9,44.5
605,2.5,44.5
705,2.5,44.5
806,3.1,44.5
907,1.9,44.5
1009,3.1,44.5
1110,2.5,44.5
1210,3.1,44.5
1311,2.5,44.5
1411,3.1,44.5
1512,2.5,44.5
1613,3.1,44.5
1714,3.1,44.5
1815,3.7,44.6
1915,3.1,44.6
2016,1.9,44.5
2116,2.5,44.6
2217,2.5,44.6
2317,2.5,44.6
2418,3.1,44.6
2518,2.5,44.6
2618,2.5,44.6
2719,3.1,44.6
2819,3.1,44.6
2920,2.5,44.6
3020,3.1,44.6
3121,1.9,44.6
3221,2.5,44.6
3321,3.1,44.6
3421,3.7,44.6
3522,2.5,44.6
3622,2.5,44.6
3723,1.9,44.6
3823,2.5,44.6
3924,1.9,44.6
4024,2.5,44.6
4124,3.1,44.6
4225,3.1,44.6
4325,2.5,44.6
4425,3.1,44.6
4526,3.1,44.6
4626,2.5,44.6
4726,2.5,44.6
4827,2.5,44.6
4927,3.1,44.6
5027,2.5,44.6
5128,2.5,44.6
5228,1.9,44.6
5328,3.1,44.6
5429,5.0,44.6
5529,2.5,44.6
5629,3.1,44.6
5730,3.1,44.6
5830,3.7,44.6
5931,3.1,44.6
6031,3.1,44.6
6131,2.5,44.6
6232,3.1,44.6
6332,3.1,44.6
6433,3.1,44.6
6533,2.5,44.6
6634,3.7,44.6
6734,3.1,44.6
6835,3.1,44.6
6935,3.1,44.6
7036,2.5,44.6
7136,3.8,44.6
7236,3.2,44.6
7336,3.1,44.6
7437,2.5,44.6
7537,3.1,44.6
7637,3.1,44.6
7737,2.5,44.6
7838,3.7,44.6
7938,3.1,44.6
8039,3.1,44.6
8139,2.5,44.6
8239,2.5,44.6
8339,4.3,44.6
8440,3.8,44.6
8540,3.1,44.6
8641,3.1,44.6
8741,3.7,44.6
8841,3.1,44.6
8941,3.8,44.6
9042,3.1,44.6
9142,3.8,44.6
9242,3.8,44.6
9343,3.1,44.6
9443,3.8,44.6
9543,3.8,44.6
9644,3.1,44.6
9744,1.9,44.6
9844,0.0,44.6
9945,1.3,44.6
10045,4.3,44.6
10145,4.4,44.6
10246,3.7,44.6
10346,4.4,44.6
10446,3.2,44.6
10547,4.4,44.6
10647,3.2,44.6
10747,3.8,44.6
10847,3.8,44.6
10948,4.4,44.6
11048,3.8,44.6
11149,4.4,44.6
11249,3.8,44.6
11349,5.0,44.6
11450,4.4,44.6
11550,4.4,44.6
11651,3.8,44.6
11751,3.8,44.6
11852,4.4,44.6
11952,3.8,44.6
12052,3.8,44.6
12153,3.8,44.6
12253,3.2,44.6
12353,3.2,44.6
12454,3.2,44.6
12554,3.8,44.6
12654,4.3,44.6
12755,3.8,44.6
12855,3.8,44.6
12955,3.8,44.6
13055,4.4,44.6
13156,4.4,44.6
13256,3.8,44.6
13356,4.4,44.6
13457,4.4,44.6
13557,3.8,44.6
13657,4.4,44.6
13758,3.8,44.6
13858,4.4,44.6
13958,3.8,44.6
14058,5.0,44.6
14159,4.4,44.6
14259,4.4,44.6
14359,5.0,44.6
14460,3.8,44.6
14560,4.4,44.6
14660,3.8,44.6
14761,4.4,44.6
14861,4.4,44.6
14961,4.4,44.6
15062,4.4,44.6
15162,3.2,44.6
15262,3.8,44.6
15362,5.7,44.6
15463,3.2,44.6
15563,3.2,44.6
15663,3.2,44.6
15763,2.6,44.6
15864,4.4,44.6
15964,3.8,44.6
16064,5.0,44.6
16164,4.5,44.6
16265,4.4,44.6
16365,4.4,44.6
16465,5.0,44.6
16566,3.8,44.6
16666,4.4,44.6
16766,4.4,44.6
16867,4.4,44.6
16967,4.4,44.6
17067,3.2,44.6
17167,4.4,44.6
17268,4.5,44.6
17368,4.4,44.6
17468,4.4,44.6
17568,4.4,44.6
17669,5.0,44.6
17769,4.4,44.6
17869,3.8,44.6
17970,4.4,44.6
18070,3.8,44.6
18170,4.4,44.6
18270,4.4,44.6
18371,3.8,44.6
18471,5.0,44.6
18571,5.1,44.6
18672,4.4,44.6
18772,4.4,44.6
18872,4.4,44.6
18973,4.4,44.6
19073,4.4,44.6
19173,5.1,44.6
19273,5.7,44.6
19374,5.0,44.6
19474,4.4,44.6
19575,4.5,44.6
19675,4.4,44.6
19775,5.0,44.6
19876,5.0,44.6
19976,5.1,44.6
20077,5.0,44.6
20177,3.8,44.6
20277,5.0,44.6
20378,5.7,44.6
20478,5.7,44.6
20578,4.4,44.6
20679,5.1,44.6
20779,4.4,44.6
20879,4.4,44.6
20979,5.1,44.6
21080,4.4,44.6
21180,4.5,44.6
21280,3.8,44.6
21381,4.5,44.6
21481,5.1,44.6
21581,3.9,44.6
21682,0.7,44.6
21782,1.3,44.6
21882,3.2,44.6
21982,3.2,44.6
22083,2.6,44.6
22183,4.5,44.6
22283,1.3,44.6
22383,1.3,44.6
22484,28.8,44.7
22584,8.6,44.2
22685,4.5,44.2
22785,6.3,44.2
22885,5.7,44.2
22986,5.1,44.2
23086,5.1,44.2
23186,5.7,44.2
23287,6.9,44.2
23387,5.7,44.2
23487,6.3,44.2
23588,5.7,44.2
23688,5.1,44.2
23788,6.3,44.2
23888,5.1,44.2
23989,6.3,44.2
24089,5.1,44.2
24189,5.7,44.2
24290,5.1,44.2
24390,5.7,44.2
24490,6.3,44.2
24590,5.1,44.2
24691,5.1,44.2
24791,6.3,44.2
24891,5.1,44.2
24992,5.1,44.2
25092,5.7,44.2
25192,5.7,44.2
25293,6.4,44.2
25393,6.9,44.2
25493,6.3,44.2
25594,5.7,44.2
25694,6.3,44.2
25794,5.1,44.2
25895,5.7,44.2
25995,5.1,44.2
26095,6.3,44.2
26195,5.1,44.2
26296,5.7,44.2
26396,7.5,44.2
26496,5.1,44.2
26596,5.7,44.2
26697,5.7,44.2
26797,5.7,44.2
26897,5.7,44.2
26998,6.3,44.2
27098,5.1,44.2
27198,5.7,44.2
27299,5.1,44.2
27399,5.7,44.2
27499,6.3,44.2
27600,5.7,44.2
27700,5.7,44.2
27800,6.3,44.2
27901,5.7,44.2
28001,6.3,44.2
28102,7.1,44.1
28202,6.9,44.1
28302,5.1,44.1
28403,5.8,44.1
28503,6.4,44.1
28603,5.7,44.1
28704,7.0,44.1
28804,6.3,44.1
28905,5.7,44.1
29005,6.3,44.1
29105,5.7,44.1
29205,7.0,44.1
29306,5.8,44.1
29406,6.3,44.1
29507,5.8,44.1
29607,5.1,44.1
29707,3.9,44.1
29808,3.9,44.1
29908,7.0,44.1
30008,5.7,44.1
30108,6.4,44.1
30209,6.3,44.1
30309,6.3,44.1
30410,7.5,44.1
30510,6.4,44.1
30610,6.3,44.1
30711,7.0,44.1
30811,6.3,44.1
30911,7.0,44.1
31011,7.0,44.1
31112,7.0,44.1
31212,7.0,44.1
31313,6.4,44.1
31413,6.4,44.1
31513,7.0,44.1
31614,6.4,44.1
31714,6.4,44.1
31814,5.7,44.1
31915,6.4,44.1
32015,6.3,44.1
32115,6.4,44.1
32216,7.0,44.1
32316,6.4,44.1
32416,6.3,44.1
32517,7.5,44.1
32617,6.4,44.1
32718,7.0,44.1
32818,5.7,44.1
32918,6.4,44.1
33019,6.4,44.1
33119,6.3,44.1
33219,5.8,44.1
33320,7.5,44.1
33420,7.5,44.1
33520,7.6,44.1
33621,6.4,44.1
33721,6.4,44.1
33821,6.9,44.1
33922,5.8,44.1
34022,6.4,44.1
34122,7.0,44.1
34223,6.4,44.1
34323,6.4,44.1
34423,7.5,44.1
34524,6.4,44.1
34624,7.0,44.1
34724,6.5,44.1
34824,7.5,44.1
34925,6.4,44.1
35025,7.5,44.1
35126,7.0,44.1
35226,7.0,44.1
35326,7.6,44.1
35426,8.3,44.1
35527,7.5,44.1
35627,5.2,44.1
35727,7.0,44.1
35828,7.0,44.2
35928,6.5,44.2
36028,6.4,44.2
36129,7.6,44.2
36229,6.4,44.2
36329,7.0,44.2
36430,6.4,44.2
36530,7.1,44.2
36630,6.4,44.2
36731,7.0,44.2
36831,7.6,44.2
36931,20.3,44.2
37032,6.4,44.2
37132,7.6,44.2
37233,5.8,44.2
37333,7.0,44.2
37433,7.0,44.2
37534,8.2,44.2
37634,5.8,44.2
37734,7.1,44.2
37835,7.6,44.2
37935,7.6,44.2
38036,7.0,44.2
38136,7.0,44.2
38236,7.1,44.2
38337,8.8,44.2
38437,7.6,44.2
38537,8.3,44.2
38638,7.6,44.2
38738,7.1,44.2
38838,7.0,44.2
38939,7.6,44.2
39039,6.4,44.2
39139,7.6,44.2
39240,8.3,44.2
39340,8.3,44.2
39440,7.6,44.2
39541,8.8,44.2
39641,7.6,44.2
39742,7.7,44.2
39842,7.6,44.2
39942,7.6,44.2
40042,7.0,44.2
40143,8.2,44.2
40243,7.1,44.2
40344,8.2,44.2
40444,7.1,44.2
40544,7.6,44.2
40645,7.6,44.2
40745,7.6,44.2
40845,7.6,44.2
40945,7.6,44.2
41046,7.1,44.2
41146,7.1,44.2
41246,7.6,44.2
41347,8.8,44.2
41447,7.7,44.2
41547,7.6,44.2
41648,7.1,44.2
41748,7.6,44.2
41848,7.1,44.2
41949,8.3,44.2
42049,7.7,44.2
42149,7.6,44.2
42250,8.3,44.2
42350,8.3,44.2
42450,8.9,44.2
42551,8.3,44.2
42651,7.1,44.2
42751,8.2,44.2
42851,7.6,44.2
42952,7.7,44.2
43052,7.6,44.2
43152,7.7,44.2
43253,7.7,44.2
43353,8.3,44.2
43454,7.6,44.2
43554,9.0,44.2
43654,7.6,44.2
43755,8.3,44.2
43855,7.1,44.2
43955,8.3,44.2
44056,7.6,44.2
44156,8.9,44.2
44256,7.1,44.2
44357,8.9,44.2
44457,8.3,44.2
44557,7.7,44.2
44658,8.3,44.2
44758,7.1,44.2
44858,7.7,44.2
44958,8.3,44.2
45059,8.3,44.2
45159,7.7,44.2
45259,8.4,44.2
45360,9.5,44.2
45460,7.7,44.2
45560,8.3,44.2
45661,8.3,44.2
45761,8.3,44.2
45861,7.1,44.2
45962,8.8,44.2
46062,7.1,44.2
46162,8.3,44.2
46263,7.7,44.2
46363,8.9,44.2
46464,7.7,44.3
46564,7.7,44.3
46664,8.3,44.3
46765,7.7,44.3
46865,8.9,44.3
46965,8.9,44.3
47065,8.3,44.3
47166,10.1,44.3
47266,8.3,44.3
47367,8.9,44.3
47467,8.9,44.3
47567,8.9,44.3
47668,7.7,44.3
47768,8.3,44.3
47868,8.9,44.3
47969,7.7,44.3
48069,9.0,44.3
48169,8.3,44.3
48270,8.3,44.3
48370,8.9,44.3
48470,8.9,44.3
48571,9.6,44.3
48671,8.3,44.3
48772,8.9,44.3
48872,8.9,44.3
48972,7.1,44.3
49072,8.4,44.3
49173,8.9,44.3
49273,8.4,44.3
49374,8.3,44.3
49474,9.0,44.3
49574,7.1,44.3
49675,8.4,44.3
49775,8.9,44.3
49875,8.3,44.3
49976,8.3,44.3
50076,8.3,44.3
50176,9.5,44.3
50277,9.5,44.3
50377,8.9,44.3
50477,8.9,44.3
50578,9.0,44.3
50678,8.9,44.3
50778,7.7,44.3
50879,8.3,44.3
50979,8.3,44.3
51079,9.5,44.3
51180,8.4,44.3
51280,8.3,44.3
51380,9.0,44.3
51481,8.4,44.3
51581,8.9,44.3
51681,9.5,44.3
51781,8.3,44.3
51882,8.3,44.3
51982,9.0,44.3
52082,9.0,44.3
52183,8.9,44.3
52283,8.4,44.3
52383,9.6,44.3
52484,10.7,44.3
52584,9.0,44.3
52685,9.0,44.4
52785,8.3,44.4
52885,7.7,44.4
52985,8.3,44.4
53086,9.5,44.4
53186,8.4,44.4
53286,9.6,44.4
53387,9.6,44.4
53487,8.4,44.4
53587,10.2,44.4
53688,8.4,44.4
53788,8.3,44.4
53888,8.4,44.4
53989,10.1,44.4
54089,9.6,44.4
54189,8.9,44.4
54289,9.0,44.4
54390,9.0,44.4
54490,9.6,44.4
54590,9.0,44.4
54691,9.0,44.4
54791,8.4,44.4
54891,8.3,44.4
54992,10.2,44.4
55092,7.8,44.4
55192,6.5,44.4
55292,9.1,44.4
55393,10.3,44.4
55493,11.3,44.4
55593,8.9,44.4
55694,9.0,44.4
55794,9.6,44.4
55894,9.6,44.4
55995,8.4,44.4
56095,9.5,44.4
56195,9.0,44.4
56296,10.2,44.4
56396,9.6,44.4
56496,8.4,44.4
56597,9.6,44.4
56697,9.6,44.4
56797,9.0,44.4
56898,10.2,44.4
56998,10.1,44.4
57098,10.1,44.4
57199,9.0,44.4
57299,10.3,44.4
57399,10.2,44.4
57500,9.6,44.4
57600,10.1,44.4
57700,9.6,44.4
57801,9.6,44.4
57901,9.6,44.4
58001,9.6,44.4
58102,9.0,44.4
58202,9.6,44.4
58303,10.8,44.4
58403,9.0,44.4
58503,9.0,44.4
58604,11.5,44.4
58704,9.6,44.4
58804,10.1,44.4
58905,10.3,44.4
59005,9.6,44.4
59105,9.6,44.4
59206,9.6,44.4
59306,10.3,44.5
59406,10.3,44.5
59507,9.0,44.5
59607,9.0,44.5
59707,10.8,44.5
59808,9.0,44.5
59908,9.0,44.5
60008,9.6,44.5
60109,9.6,44.5
60209,9.0,44.5
60309,10.3,44.5
60409,10.3,44.5
60510,9.0,44.5
60610,9.6,44.5
60710,10.2,44.5
60811,8.4,44.5
60911,9.6,44.5
61012,9.6,44.5
61112,9.6,44.5
61212,10.3,44.5
61313,9.7,44.5
61413,9.7,44.5
61513,9.7,44.5
61614,10.2,44.5
61714,9.0,44.5
61815,10.3,44.5
61915,9.6,44.5
62015,10.3,44.5
62116,10.2,44.5
62216,10.3,44.5
62316,9.7,44.5
62416,10.8,44.5
62517,9.7,44.5
62617,10.3,44.5
62717,9.6,44.5
62818,10.8,44.5
62918,9.6,44.5
63018,9.6,44.5
63119,9.6,44.5
63219,9.7,44.5
63319,10.8,44.5
63420,10.2,44.5
63520,9.7,44.5
63620,10.9,44.5
63721,10.3,44.5
63821,10.3,44.5
63921,10.3,44.5
64022,10.2,44.5
64122,9.7,44.5
64222,10.3,44.5
64323,10.3,44.5
64423,10.3,44.5
64523,10.3,44.5
64624,10.3,44.5
64724,9.7,44.5
64824,10.3,44.5
64924,9.7,44.6
65025,9.6,44.6
65125,10.3,44.6
65226,9.7,44.6
65326,10.3,44.6
65427,11.5,44.6
65527,9.7,44.6
65627,10.3,44.6
65728,11.5,44.6
65828,9.6,44.6
65928,10.9,44.6
66028,10.3,44.6
66129,10.9,44.6
66229,9.7,44.6
66329,10.3,44.6
66430,11.5,44.6
66530,10.3,44.6
66630,10.9,44.6
66730,10.3,44.6
66831,9.7,44.6
66931,10.3,44.6
67031,10.3,44.6
67132,10.8,44.7
67232,10.9,44.7
67332,10.3,44.7
67433,10.3,44.7
67533,10.3,44.7
67633,10.3,44.7
67734,9.7,44.7
67834,10.3,44.7
67934,10.3,44.7
68035,10.3,44.7
68135,10.8,44.7
68235,10.9,44.7
68336,11.5,44.7
68436,11.0,44.7
68536,10.3,44.7
68636,12.3,44.7
68737,10.3,44.7
68837,10.3,44.7
68937,11.9,44.7
69038,9.7,44.7
69138,11.5,44.7
69238,9.7,44.7
69339,9.7,44.8
69439,11.5,44.8
69539,9.7,44.8
69640,11.5,44.8
69740,9.1,44.8
69840,9.2,44.8
69941,10.3,44.8
70041,10.9,44.8
70141,10.3,44.8
70241,10.3,44.8
70342,11.5,44.8
70442,11.6,44.8
70542,10.3,44.8
70643,11.0,44.8
70743,10.9,44.8
70843,11.5,44.8
70944,10.9,44.8
71044,9.2,44.8
71144,10.8,44.8
71245,12.0,44.8
71345,10.9,44.8
71445,10.4,44.8
71546,11.5,44.8
71646,10.9,44.8
71746,9.7,44.8
71846,10.3,44.8
71947,9.7,44.8
72047,11.5,44.8
72147,9.7,44.8
72248,10.9,44.8
72348,11.0,44.8
72449,11.5,44.8
72549,10.3,44.8
72649,10.3,44.8
72749,10.3,44.8
72850,9.7,44.8
72950,10.3,44.8
73051,10.9,44.8
73151,10.3,44.8
73251,11.7,44.8
73352,10.3,44.8
73452,11.5,44.8
73552,11.8,44.8
73653,13.4,44.8
73753,9.8,44.8
73853,12.1,44.8
73954,10.9,44.8
74054,10.5,44.8
74154,9.7,44.8
74255,10.9,44.8
74355,11.5,44.8
74455,12.1,44.8
74556,11.5,44.8
74656,9.8,44.8
74756,9.8,44.8
74857,7.9,44.8
74957,9.8,44.8
75057,11.5,44.8
75158,10.9,44.8
75258,11.0,44.8
75358,12.2,44.8
75459,11.0,44.8
75559,10.9,44.8
75660,11.5,44.8
75760,10.3,44.8
75860,11.5,44.8
75961,10.4,44.8
76061,9.8,44.8
76161,11.0,44.8
76261,12.7,44.8
76362,10.4,44.8
76462,10.3,44.8
76563,12.0,44.8
76663,10.4,44.8
76763,11.5,44.8
76863,12.7,44.8
76964,11.0,44.8
77064,11.5,44.9
77165,11.5,44.9
77265,11.0,44.8
77365,11.5,44.9
77465,11.5,44.9
77566,9.8,44.9
77666,11.5,44.9
77766,11.5,44.9
77867,13.2,44.9
77967,11.0,44.9
78067,12.1,44.9
78168,11.5,44.9
78268,11.5,44.9
78368,12.2,44.9
78468,11.5,44.9
78569,10.5,44.9
78669,12.3,44.9
78769,9.7,44.9
78870,11.0,44.9
78970,11.0,44.9
79070,11.5,44.9
79171,11.0,44.9
79271,12.2,44.9
79371,12.2,44.9
79471,12.1,44.9
79572,11.0,44.9
79672,12.7,44.9
79772,12.1,44.9
79873,12.1,44.9
79973,11.0,44.9
80073,12.2,44.9
80174,10.4,44.9
80274,13.2,44.9
80374,12.7,44.9
80475,12.2,44.9
80575,11.5,44.9
80676,12.7,44.9
80776,10.4,44.9
80876,12.1,44.9
80977,11.5,44.9
81077,12.1,44.9
81177,11.0,44.9
81278,12.2,44.9
81378,11.5,44.9
81478,12.2,44.9
81579,11.5,44.9
81679,12.7,44.9
81780,13.2,44.9
81880,12.2,44.9
81980,11.0,44.9
82080,12.7,44.9
82181,10.5,44.9
82281,12.2,44.9
82381,12.7,44.9
82482,12.2,44.9
82582,12.7,44.9
82683,11.0,44.9
82783,11.5,44.9
82883,11.6,44.9
82983,11.0,44.9
83084,11.6,44.9
83184,12.2,44.9
83284,13.5,44.9
83385,12.2,44.9
83485,12.2,44.9
83585,11.5,44.9
83686,12.9,44.9
83786,11.6,45.0
83886,11.5,45.0
83987,11.5,45.0
84087,16.8,45.0
84188,11.0,45.0
84288,11.6,45.0
84389,12.3,45.0
84489,12.2,45.0
84589,12.2,45.0
84689,12.1,45.0
84790,12.2,45.0
84890,11.7,45.0
84990,12.7,45.0
85091,12.7,45.0
85191,11.0,45.0
85292,20.4,45.0
85392,14.8,44.9
85492,13.4,44.9
85593,11.6,44.9
85693,12.2,44.9
85793,11.0,44.9
85894,11.5,44.9
85994,12.2,44.9
86094,12.8,44.9
86195,12.1,44.9
86295,11.6,44.9
86395,12.3,44.9
86496,12.3,44.9
86596,12.2,44.9
86696,12.2,44.9
86797,12.2,44.9
86897,11.6,44.9
86997,12.7,44.9
87097,12.2,44.9
87198,11.7,44.9
87298,12.8,44.9
87398,12.2,44.9
87499,12.3,44.9
87599,11.6,44.9
87699,12.2,44.9
87800,14.3,44.9
87900,11.7,44.9
88000,15.2,44.9
88101,12.7,44.9
88201,12.3,44.9
88301,12.2,44.9
88402,13.5,44.9
88502,12.1,44.9
88602,11.1,44.9
88702,13.4,44.9
88803,11.6,44.9
88903,12.2,44.9
89003,12.8,44.9
89104,11.6,44.9
89204,12.2,44.9
89304,12.8,44.9
89405,12.3,44.9
89505,12.2,44.9
89605,13.4,44.9
89706,11.6,44.9
89806,12.3,44.9
89906,12.1,44.9
90007,12.8,44.9
90107,11.1,44.9
90207,12.2,44.9
90308,11.6,44.9
90408,13.5,44.9
90509,11.6,44.9
90609,13.4,44.9
90709,12.8,44.9
90809,12.2,44.9
90910,12.2,44.9
91010,11.7,44.9
91110,12.2,44.9
91211,13.5,44.9
91311,12.3,44.9
91411,12.3,44.9
91512,12.2,44.9
91612,11.7,44.9
91712,11.0,44.9
91813,12.3,44.9
91913,12.7,44.9
92013,12.2,44.9
92114,12.8,44.9
92214,12.2,44.9
92314,11.6,44.9
92414,13.5,44.9
92515,11.6,44.9
92615,13.4,44.9
92715,11.0,44.9
92816,13.5,44.9
92916,11.6,44.9
93016,12.8,44.9
93117,13.4,45.0
93217,12.3,45.0
93317,12.8,45.0
93418,13.0,45.0
93518,11.6,45.0
93618,12.8,45.0
93719,14.1,45.0
93819,11.0,45.0
93919,11.6,45.0
94020,11.7,45.0
94120,12.3,45.0
94220,12.3,45.0
94321,11.1,45.0
94421,13.0,45.0
94521,12.3,45.0
94621,12.9,45.0
94722,12.8,45.0
94822,11.1,45.0
94922,12.3,45.0
95023,11.7,45.0
95123,12.3,45.0
95223,12.3,45.0
95324,12.3,45.0
95424,14.8,45.0
95524,11.7,45.0
95624,12.3,45.0
95725,12.3,45.0
95825,13.5,45.0
95925,12.8,45.0
96026,12.3,45.0
96126,12.3,45.0
96226,11.1,45.0
96327,12.8,45.0
96427,13.0,45.0
96527,11.1,45.0
96628,11.7,45.0
96728,11.8,45.0
96828,11.7,45.0
96928,11.7,45.1
97029,11.7,45.1
97129,12.8,45.1
97229,12.4,45.0
97330,13.4,45.0
97430,13.5,45.0
97530,12.8,45.0
97631,12.9,45.0
97731,12.7,45.1
97832,12.3,45.1
97932,12.3,45.1
98032,11.1,45.1
98132,12.9,45.1
98233,11.8,45.1
98333,12.9,45.1
98433,13.5,45.1
98534,11.7,45.1
98634,12.3,45.1
98735,13.0,45.1
98835,12.3,45.1
98935,12.3,45.1
99036,11.1,45.1
99136,12.9,45.1
99236,13.5,45.1
99336,12.3,45.1
99437,12.3,45.1
99537,12.3,45.1
99637,13.0,45.1
99738,11.7,45.1
99838,12.9,45.1
99938,12.3,45.1
100038,11.8,45.1
100139,12.9,45.1
100239,12.3,45.1
100349,11.8,45.2
100450,13.5,45.2
100550,12.3,45.2
100650,12.3,45.2
100751,12.9,45.2
100851,12.3,45.2
100951,13.0,45.2
101051,11.8,45.2
101152,13.4,45.2
101252,12.9,45.2
101352,13.0,45.2
101453,12.3,45.2
101553,12.9,45.2
101653,11.8,45.3
101754,13.5,45.3
101854,13.9,45.3
101954,12.9,45.3
102055,13.5,45.3
102155,12.9,45.3
102255,12.9,45.3
102355,13.6,45.3
102456,12.9,45.3
102556,12.9,45.3
102657,12.4,45.3
102757,12.9,45.3
102857,13.5,45.3
102957,13.4,45.3
103058,14.0,45.3
103158,12.9,45.3
103258,13.5,45.3
103359,13.5,45.3
103459,14.2,45.3
103559,12.9,45.3
103660,14.6,45.3
103760,14.7,45.3
103860,13.5,45.3
103961,14.1,45.3
104061,12.9,45.3
104161,12.3,45.3
104262,13.5,45.3
104362,14.1,45.3
104463,13.5,45.3
104563,11.8,45.3
104663,12.9,45.3
104764,14.6,45.3
104864,13.5,45.3
104964,12.9,45.3
105064,12.3,45.3
105165,13.5,45.3
105265,14.1,45.3
105365,15.4,45.4
105466,14.1,45.4
105566,12.9,45.4
105667,14.1,45.4
105767,12.3,45.4
105867,14.1,45.4
105967,13.0,45.4
106068,12.9,45.4
106168,12.9,45.4
106268,13.5,45.4
106369,14.1,45.4
106469,14.0,45.4
106569,13.5,45.4
106670,14.1,45.4
106770,13.0,45.4
106870,13.5,45.4
106971,14.1,45.4
107071,12.4,45.4
107171,12.9,45.4
107271,13.6,45.3
107372,14.7,45.3
107472,13.5,45.3
107572,13.5,45.3
107673,13.5,45.3
107773,14.0,45.3
107873,14.1,45.3
107974,13.5,45.3
108074,12.9,45.3
108174,12.9,45.4
108275,14.1,45.4
108375,13.5,45.4
108475,14.1,45.4
108575,14.2,45.4
108676,14.1,45.4
108776,14.2,45.4
108877,13.6,45.4
108977,14.1,45.4
109077,13.0,45.4
109177,13.1,45.4
109278,13.5,45.4
109378,13.5,45.4
109478,12.9,45.4
109579,12.4,45.4
109679,13.5,45.4
109779,12.4,45.4
109880,14.6,45.4
109980,12.3,45.4
110080,13.5,45.4
110180,14.6,45.4
110281,13.5,45.4
110381,13.6,45.4
110481,13.5,45.4
110582,14.6,45.4
110682,13.7,45.4
110783,13.5,45.4
110883,12.9,45.4
110983,13.0,45.4
111083,14.1,45.4
111184,14.2,45.4
111284,13.5,45.4
111384,13.5,45.4
111485,13.5,45.4
111585,14.2,45.4
111685,13.0,45.4
111786,13.5,45.4
111886,13.5,45.4
111986,13.5,45.4
112087,13.5,45.4
112187,14.1,45.4
112287,13.5,45.4
112388,14.7,45.4
112488,13.0,45.4
112588,14.1,45.4
112689,14.1,45.4
112789,14.2,45.4
112889,12.3,45.4
112989,14.2,45.4
113090,13.5,45.4
113190,13.5,45.4
113290,14.2,45.4
113391,14.6,45.4
113491,13.5,45.4
113592,14.1,45.4
113692,13.5,45.5
113792,14.3,45.5
113893,14.2,45.5
113993,13.6,45.5
114093,14.1,45.5
114193,13.6,45.5
114294,13.5,45.5
114394,14.3,45.5
114494,13.5,45.5
114595,14.1,45.5
114695,13.6,45.5
114795,13.0,45.5
114896,14.1,45.5
114996,13.6,45.5
115096,13.0,45.5
115197,14.3,45.5
115297,13.6,45.5
115397,15.5,45.5
115498,14.6,45.5
115598,14.7,45.5
115698,14.1,45.5
115799,14.6,45.5
115899,13.0,45.5
115999,14.1,45.5
116100,13.5,45.5
116200,13.6,45.5
116300,13.0,45.5
116401,14.7,45.5
116501,13.6,45.5
116601,14.2,45.5
116702,13.6,45.5
116802,14.7,45.5
116902,14.1,45.5
117003,13.7,45.5
117103,14.2,45.5
117203,14.7,45.5
117304,14.2,45.5
117404,14.2,45.5
117504,14.1,45.5
117604,13.1,45.5
117705,12.9,45.5
117805,13.6,45.5
117905,14.2,45.5
118006,13.5,45.5
118106,14.1,45.5
118206,13.6,45.5
118307,15.3,45.6
118407,14.3,45.6
118507,13.6,45.6
118608,13.5,45.6
118708,13.6,45.6
118808,15.9,45.6
118909,13.6,45.6
119009,13.6,45.6
119109,14.2,45.6
119210,14.7,45.6
119310,13.7,45.6
119410,14.8,45.6
119511,14.2,45.6
119611,14.1,45.6
119711,14.2,45.6
119812,14.7,45.6
119912,13.5,45.6
120012,13.5,45.6
120113,13.5,45.6
120213,14.6,45.6
120313,13.0,45.6
120414,14.3,45.6
120514,13.5,45.6
120614,14.8,45.6
120715,14.2,45.6
120815,14.2,45.6
120915,13.6,45.6
121015,14.3,45.6
121116,13.6,45.6
121216,14.9,45.6
121316,13.7,45.6
121417,14.8,45.6
121517,13.6,45.6
121617,14.2,45.6
121718,13.6,45.6
121818,13.6,45.6
121918,13.5,45.6
122019,13.6,45.6
122119,13.1,45.7
122219,14.2,45.7
122319,14.3,45.7
122420,14.8,45.7
122520,14.1,45.7
122620,13.5,45.7
122721,14.2,45.7
122821,13.6,45.7
122922,14.2,45.7
123022,14.7,45.7
123122,14.3,45.7
123223,15.4,45.7
123323,13.6,45.7
123423,15.5,45.7
123524,14.7,45.7
123624,14.8,45.7
123724,13.0,45.7
123825,14.3,45.7
123925,14.8,45.7
124025,13.6,45.7
124126,14.7,45.7
124226,14.9,45.7
124326,13.7,45.7
124427,14.8,45.7
124527,13.5,45.7
124627,14.3,45.7
124728,14.1,45.7
124828,14.2,45.7
124928,14.3,45.7
125029,14.2,45.7
125129,14.2,45.7
125229,14.9,45.7
125330,14.2,45.7
125430,15.6,45.7
125530,13.1,45.7
125631,14.7,45.7
125731,13.5,45.7
125831,13.6,45.7
125932,14.3,45.7
126032,14.2,45.7
126132,13.6,45.7
126233,14.2,45.8
126333,14.8,45.8
126433,14.3,45.8
126534,14.7,45.8
126634,13.6,45.8
126734,14.2,45.8
126835,14.2,45.8
126935,14.1,45.8
127035,13.7,45.8
127136,14.7,45.8
127236,14.9,45.8
127336,14.8,45.8
127437,14.8,45.8
127537,14.2,45.8
127638,15.4,45.8
127738,14.3,45.8
127838,14.9,45.8
127939,14.7,45.8
128039,14.3,45.8
128139,13.5,45.8
128240,14.3,45.8
128340,14.8,45.8
128440,24.5,45.8
128541,38.8,45.7
128641,16.2,45.7
128741,13.6,45.7
128842,14.9,45.7
128942,14.1,45.7
129042,14.9,45.7
129142,13.2,45.7
129243,14.8,45.7
129343,14.9,45.7
129443,15.4,45.7
129544,14.3,45.7
129644,13.7,45.7
129745,14.3,45.7
129845,15.4,45.7
129945,14.2,45.7
130045,14.3,45.7
130146,13.6,45.7
130246,14.3,45.7
130346,14.3,45.7
130447,14.9,45.7
130547,14.2,45.7
130648,14.8,45.7
130748,14.8,45.7
130848,15.4,45.7
130949,15.4,45.7
131049,14.3,45.7
131149,13.6,45.7
131250,15.0,45.7
131350,14.3,45.7
131450,14.4,45.7
131551,14.3,45.7
131651,14.8,45.7
131751,14.8,45.7
131852,13.7,45.7
131952,13.6,45.7
132053,14.4,45.7
132153,15.3,45.7
132253,14.3,45.7
132354,14.9,45.7
132454,14.8,45.7
132555,14.8,45.7
132655,14.8,45.7
132755,14.3,45.7
132856,15.5,45.7
132956,14.3,45.8
133056,13.7,45.8
133156,14.8,45.8
133257,16.7,45.8
133357,15.5,45.8
133458,15.4,45.8
133558,14.3,45.8
133658,14.3,45.8
133759,14.2,45.8
133859,16.2,45.8
133959,14.8,45.8
134060,16.8,45.8
134160,14.3,45.8
134260,14.9,45.8
134361,15.5,45.8
134461,14.8,45.8
134561,14.8,45.8
134662,14.7,45.8
134762,14.4,45.8
134862,14.8,45.8
134963,13.7,45.8
135063,13.7,45.8
135163,14.3,45.8
135264,14.8,45.8
135364,15.6,45.8
135464,15.3,45.8
135565,14.9,45.8
135665,14.7,45.8
135765,14.4,45.8
135866,14.3,45.8
135966,15.5,45.8
136066,14.8,45.8
136167,13.7,45.8
136267,14.2,45.8
136367,15.0,45.8
136468,15.4,45.8
136568,14.4,45.8
136668,14.3,45.8
136769,14.9,45.8
136869,15.4,45.8
136969,14.9,45.8
137070,15.9,45.8
137170,30.5,45.8
137270,14.8,45.8
137371,14.9,45.8
137471,13.7,45.8
137571,14.8,45.8
137672,14.3,45.8
137772,15.9,45.8
137872,14.8,45.8
137973,14.8,45.8
138073,14.8,45.8
138174,16.2,45.8
138274,15.4,45.8
138374,15.5,45.8
138475,14.8,45.8
138575,14.4,45.8
138675,14.9,45.8
138775,15.5,45.8
138876,16.0,45.8
138976,14.8,45.8
139076,15.5,45.8
139177,15.4,45.8
139277,14.3,45.8
139378,15.5,45.8
139478,14.9,45.8
139578,14.8,45.8
139678,14.8,45.8
139779,16.0,45.9
139879,15.6,45.9
139980,15.5,45.9
140080,15.4,45.9
140180,15.5,45.9
140281,13.7,45.9
140381,16.7,45.9
140481,14.9,45.9
140582,14.9,45.9
140682,15.5,45.9
140782,14.8,45.9
140883,15.5,45.9
140983,14.3,45.9
141083,14.8,45.9
141183,15.5,45.9
141284,14.3,45.9
141384,14.9,45.9
141484,14.9,45.9
141585,15.4,45.9
141685,16.0,45.9
141786,15.5,45.9
141886,14.3,45.9
141986,16.0,45.9
142087,14.3,45.9
142187,16.1,45.9
142287,13.7,45.9
142387,17.2,45.9
142488,14.9,45.9
142588,14.4,45.9
142688,14.9,45.9
142789,16.1,45.9
142889,16.0,45.9
142989,15.5,45.9
143090,14.8,45.9
143190,14.9,45.9
143290,16.7,45.9
143391,16.2,45.9
143491,16.0,45.9
143591,15.0,45.9
143692,16.0,45.9
143792,16.7,45.9
143892,15.6,45.9
143993,15.5,45.9
144093,14.8,45.9
144193,15.4,45.9
144294,15.5,45.9
144394,16.6,45.9
144495,14.4,45.9
144595,14.9,45.9
144695,14.8,45.9
144796,15.5,45.9
144896,15.5,45.9
144997,14.4,46.0
145097,14.9,46.0
145197,16.0,46.0
145298,15.5,46.0
145398,17.4,46.0
145498,16.1,46.0
145599,15.5,46.0
145699,14.8,46.0
145799,15.5,46.0
145899,14.4,46.0
146000,16.6,46.0
146100,14.3,46.0
146200,16.0,46.0
146301,14.9,46.0
146401,15.6,46.0
146501,15.5,46.0
146602,16.1,46.0
146702,14.4,46.0
146802,14.9,46.0
146903,14.8,46.0
147003,15.5,46.0
147103,15.5,46.0
147204,14.4,46.0
147304,15.5,46.0
147404,15.6,46.0
147505,14.8,46.0
147605,14.9,46.0
147705,15.5,46.0
147805,15.6,46.0
147906,14.9,46.0
148006,16.6,46.0
148106,15.6,46.0
148207,14.3,46.0
148307,15.6,46.0
148407,16.8,46.0
148508,14.4,46.0
148608,16.1,46.0
148708,15.5,46.0
148809,16.8,46.0
148909,16.7,46.0
149009,14.5,46.0
149110,14.4,46.0
149210,16.2,46.0
149310,14.9,46.1
149410,16.7,46.1
149511,15.5,46.1
149611,15.5,46.1
149711,14.5,46.1
149812,16.7,46.1
149912,16.1,46.1
150012,14.9,46.1
150113,15.5,46.1
150213,15.5,46.1
150314,14.9,46.1
150414,15.7,46.1
150514,14.9,46.1
150614,15.6,46.1
150715,16.7,46.1
150815,14.4,46.1
150916,16.1,46.1
151016,14.9,46.1
151116,16.1,46.1
151217,16.2,46.1
151317,16.1,46.1
151417,16.2,46.1
151518,14.4,46.1
151618,16.1,46.1
151718,14.9,46.1
151819,15.6,46.1
151919,15.0,46.1
152019,15.6,46.1
152120,15.6,46.1
152220,15.6,46.1
152320,14.9,46.1
152421,15.7,46.1
152521,15.6,46.1
152621,15.6,46.1
152722,15.6,46.1
152822,15.6,46.1
152922,15.6,46.1
153023,14.9,46.1
153123,14.7,46.5
153223,16.2,46.5
153324,15.6,46.5
153424,16.8,46.5
153524,16.6,46.5
153624,15.0,46.5
153725,16.0,46.5
153825,16.9,46.5
153925,15.7,46.5
154026,16.6,46.5
154126,15.7,46.5
154227,15.6,46.5
154327,15.6,46.5
154427,16.8,46.5
154528,15.5,46.5
154628,15.6,46.5
154728,14.5,46.5
154829,16.0,46.5
154929,15.0,46.5
155029,15.5,46.5
155129,15.7,46.5
155230,16.8,46.5
155330,17.3,46.5
155430,17.5,46.5
155531,16.7,46.5
155631,16.1,46.5
155732,15.0,46.5
155832,16.1,46.5
155932,15.6,46.5
156033,16.2,46.5
156133,14.4,46.5
156233,14.9,46.5
156334,16.8,46.5
156434,15.7,46.5
156535,15.5,46.5
156635,15.6,46.5
156735,16.1,46.5
156835,14.5,46.5
156936,16.0,46.5
157036,15.6,46.5
157136,16.7,46.5
157237,15.7,46.6
157337,16.2,46.6
157437,16.8,46.6
157538,15.4,46.6
157638,15.5,46.6
157738,15.7,46.6
157839,16.1,46.6
157939,16.2,46.6
158039,15.6,46.6
158139,15.6,46.6
158240,14.9,46.6
158340,16.2,46.6
158440,16.8,46.6
158541,16.3,46.6
158641,14.9,46.6
158741,16.3,46.6
158842,16.9,46.6
158942,15.5,46.6
159043,15.0,46.6
159143,16.1,46.6
159243,16.2,46.6
159343,15.1,46.6
159444,15.7,46.6
159544,16.2,46.6
159644,15.6,46.6
159745,16.1,46.6
159845,16.1,46.6
159945,15.6,46.6
160046,16.8,46.6
160146,15.6,46.6
160246,16.1,46.6
160347,16.3,46.6
160447,16.8,46.6
160547,16.8,46.6
160648,16.1,46.6
160748,16.1,46.6
160848,15.7,46.6
160949,16.9,46.6
161049,15.6,46.6
161149,16.2,46.6
161250,16.8,46.6
161350,15.7,46.6
161451,16.1,46.6
161551,16.2,46.6
161651,15.6,46.6
161752,16.1,46.7
161852,16.2,46.7
161953,16.8,46.7
162053,16.8,46.7
162153,16.2,46.7
162254,15.6,46.7
162354,16.9,46.7
162454,16.2,46.7
162555,16.2,46.7
162655,16.7,46.7
162755,16.2,46.7
162856,16.1,46.7
162956,16.3,46.7
163056,15.6,46.7
163156,16.1,46.7
163257,16.9,46.7
163357,16.3,46.7
163457,17.4,46.7
163558,15.1,46.7
163658,14.5,46.7
163758,16.2,46.7
163859,17.4,46.7
163959,15.7,46.7
164060,15.6,46.7
164160,15.6,46.7
164260,15.6,46.7
164361,17.4,46.7
164461,16.2,46.7
164561,15.1,46.7
164662,16.2,46.8
164762,16.1,46.8
164862,16.2,46.8
164962,16.2,46.8
165063,15.6,46.8
165163,15.7,46.8
165264,17.5,46.8
165364,17.6,46.8
165464,15.0,46.8
165565,16.8,46.8
165665,15.0,46.8
165766,17.4,46.8
165866,15.7,46.8
165966,16.2,46.8
166066,16.9,46.8
166167,16.1,46.8
166267,15.6,46.8
166368,17.5,46.8
166468,16.3,46.8
166568,16.2,46.8
166669,15.6,46.8
166769,15.7,46.8
166869,17.4,46.8
166969,16.9,46.8
167070,16.3,46.8
167170,16.3,46.8
167270,16.8,46.8
167371,16.9,46.8
167471,15.6,46.8
167571,16.2,46.8
167672,16.2,46.8
167772,17.0,46.9
167873,16.2,46.9
167973,16.3,46.9
168073,15.7,46.9
168173,16.9,46.9
168274,16.2,46.9
168374,16.2,46.9
168475,16.9,46.9
168575,16.2,46.9
168675,16.7,46.9
168775,16.2,46.9
168876,17.5,46.9
168976,15.8,46.9
169076,16.2,46.9
169177,15.1,46.9
169277,15.8,46.9
169378,17.5,46.9
169478,16.2,46.9
169578,15.7,46.9
169678,16.2,46.9
169779,16.3,46.9
169879,16.8,46.9
169979,16.9,46.9
170080,14.5,46.9
170180,16.8,46.9
170280,16.9,46.9
170381,17.4,46.9
170481,16.3,46.9
170582,16.3,46.9
170682,16.2,46.9
170782,16.8,46.9
170882,16.9,46.9
170983,16.8,46.9
171083,16.2,46.9
171183,16.2,46.9
171284,16.9,46.9
171384,16.3,47.0
171484,16.8,47.0
171585,16.9,47.0
171685,16.3,47.0
171785,15.8,47.0
171886,15.7,47.0
171986,15.7,47.0
172086,16.2,47.0
172187,16.3,47.0
172287,16.3,47.0
172387,17.4,47.0
172488,16.9,47.0
172588,16.3,47.0
172688,15.8,47.0
172789,16.8,47.0
172889,16.2,47.0
172989,16.2,47.0
173090,16.9,47.0
173190,22.1,47.1
173290,37.2,47.2
173391,16.2,47.2
173491,16.2,47.2
173591,16.8,47.2
173692,17.3,47.2
173792,16.9,47.2
173892,17.0,47.2
173993,16.2,47.2
174093,15.7,47.2
174193,16.8,47.2
174294,16.2,47.2
174394,17.4,47.2
174494,16.3,47.2
174595,17.4,47.2
174695,15.1,47.2
174796,16.9,47.2
174896,17.4,47.2
174996,17.8,47.2
175096,17.3,47.2
175197,17.4,47.2
175297,17.4,47.2
175397,19.4,47.2
175498,17.4,47.2
175598,15.7,47.2
175699,17.4,47.3
175799,16.2,47.3
175899,17.9,47.3
175999,16.9,47.3
176100,18.5,47.3
176200,17.9,47.3
176300,17.9,47.3
176401,19.1,47.3
176501,17.9,47.3
176601,17.5,47.3
176702,17.3,47.3
176802,16.2,47.3
176903,17.3,47.3
177003,17.0,47.3
177103,16.8,47.3
177203,17.9,47.3
177304,17.9,47.3
177404,17.9,47.3
177504,17.9,47.3
177605,16.9,47.3
177705,16.8,47.3
177805,17.5,47.3
177906,19.0,47.3
178006,18.5,47.3
178106,17.4,47.3
178207,17.4,47.3
178307,17.9,47.3
178407,18.1,47.3
178508,17.9,47.3
178608,17.0,47.3
178708,17.2,47.3
178809,17.4,47.3
178909,18.6,47.3
179009,16.2,47.3
179110,18.5,47.3
179210,18.6,47.4
179310,17.9,47.4
179411,17.0,47.4
179511,16.8,47.4
179611,17.3,47.4
179712,16.8,47.4
179812,18.5,47.4
179912,17.9,47.4
180013,17.5,47.4
180113,17.3,47.4
180214,16.3,47.4
180314,17.9,47.4
180414,18.1,47.4
180514,17.4,47.4
180615,17.9,47.4
180715,17.9,47.4
180815,17.3,47.4
180916,17.5,47.4
181016,17.4,47.4
181117,16.8,47.4
181217,17.9,47.4
181317,18.6,47.4
181417,19.6,47.4
181518,17.9,47.4
181618,17.4,47.4
181719,17.5,47.4
181819,17.3,47.4
181919,18.5,47.4
182019,18.5,47.4
182120,17.9,47.4
182220,17.9,47.4
182320,16.9,47.4
182421,18.6,47.4
182521,17.4,47.4
182621,16.8,47.4
182722,18.5,47.4
182822,17.4,47.4
182923,18.5,47.4
183023,17.3,47.4
183123,18.5,47.4
183223,17.6,47.4
183324,19.0,47.4
183424,18.6,47.4
183525,17.9,47.4
183625,17.9,47.4
183725,18.5,47.4
183826,18.9,47.4
183926,18.2,47.4
184026,16.9,47.4
184127,18.5,47.4
184227,18.5,47.4
184327,17.9,47.4
184427,18.1,47.5
184528,18.6,47.5
184628,18.5,47.5
184728,19.0,47.5
184829,18.5,47.5
184929,17.9,47.5
185029,16.9,47.5
185130,17.9,47.5
185230,18.1,47.5
185330,19.1,47.5
185431,20.4,47.5
185531,18.5,47.5
185631,17.9,47.5
185732,19.5,47.5
185832,16.3,47.5
185932,17.4,47.5
186033,18.5,47.5
186133,16.9,47.5
186234,17.4,47.5
186334,19.0,47.5
186434,18.7,47.5
186535,18.6,47.5
186635,17.4,47.5
186735,18.4,47.5
186835,17.5,47.5
186936,18.9,47.5
187036,17.4,47.5
187137,18.1,47.5
187237,18.1,47.5
187337,19.0,47.5
187438,17.5,47.5
187538,16.3,47.5
187638,17.9,47.5
187738,17.3,47.5
187839,17.9,47.5
187939,18.1,47.5
188040,18.5,47.5
188140,18.1,47.5
188240,17.9,47.5
188340,17.4,47.5
188441,18.1,47.5
188541,18.1,47.5
188642,18.5,47.5
188742,19.6,47.5
188842,17.9,47.5
188943,18.7,47.5
189043,17.5,47.5
189143,20.6,47.6
189244,17.6,47.6
189344,19.1,47.6
189444,18.1,47.6
189545,17.5,47.6
189645,17.9,47.6
189745,17.5,47.6
189846,18.5,47.6
189946,19.2,47.6
190046,18.5,47.6
190146,18.1,47.6
190247,18.6,47.6
190347,18.6,47.6
190448,18.6,47.6
190548,19.0,47.6
190648,17.9,47.6
190749,19.2,47.6
190849,19.0,47.6
190949,17.9,47.6
191050,18.5,47.6
191150,19.1,47.6
191250,18.7,47.6
191351,18.1,47.6
191451,19.0,47.6
191551,19.6,47.6
191652,18.1,47.6
191752,19.1,47.6
191852,19.0,47.6
191953,18.6,47.6
192053,18.5,47.6
192153,17.9,47.6
192254,18.6,47.6
192354,18.2,47.6
192455,18.5,47.6
192555,18.1,47.6
192655,18.1,47.7
192756,19.1,47.7
192856,19.5,47.7
192956,18.1,47.7
193057,17.4,47.7
193157,17.4,47.7
193257,18.7,47.7
193357,19.7,47.7
193458,19.1,47.7
193558,18.7,47.7
193658,17.9,47.7
193759,18.1,47.7
193859,17.9,47.7
193959,19.7,47.7
194060,19.0,47.7
194160,18.1,47.7
194260,20.1,47.7
194361,18.6,47.7
194461,18.6,47.7
194561,18.6,47.7
194662,18.6,47.7
194762,18.1,47.7
194862,17.9,47.7
194963,19.0,47.7
195063,17.5,47.7
195163,18.1,47.7
195264,18.7,47.7
195364,21.0,47.8
195464,18.1,47.8
195565,18.5,47.8
195665,19.1,47.8
195765,18.1,47.8
195865,18.6,47.8
195966,19.1,47.8
196066,18.1,47.8
196166,18.6,47.8
196267,19.1,47.8
196367,20.8,47.8
196467,19.1,47.8
196568,19.1,47.8
196668,18.6,47.8
196769,19.1,47.8
196869,19.6,47.8
196969,18.7,47.8
197070,17.9,47.8
197170,18.2,47.8
197270,18.6,47.8
197371,17.9,47.8
197471,19.1,47.8
197572,18.6,47.8
197672,18.6,47.8
197772,18.6,47.8
197873,18.6,47.8
197973,19.2,47.8
198073,16.9,47.8
198174,19.1,47.8
198274,19.6,47.8
198374,19.2,47.8
198475,18.5,47.8
198575,19.1,47.8
198675,17.0,47.8
198776,19.6,47.9
198876,18.2,47.9
198976,20.4,47.9
199077,18.1,47.9
199177,19.2,47.9
199277,19.1,47.9
199378,19.2,47.9
199478,19.0,47.9
199579,18.6,47.9
199679,18.7,47.9
199779,18.7,47.9
199880,18.6,47.9
199980,19.1,47.9
200080,19.1,47.9
200180,19.6,47.9
200281,18.6,47.9
200381,18.2,47.9
200482,19.6,47.9
200582,19.6,47.9
200682,18.1,47.9
200782,18.6,47.9
200883,19.1,47.9
200983,19.2,47.9
201083,18.6,47.9
201184,19.9,47.9
201284,18.1,47.9
201384,18.3,47.9
201485,19.1,47.9
201585,18.6,47.9
201685,17.5,47.9
201786,18.6,47.9
201886,19.2,47.9
201986,18.6,47.9
202087,19.6,47.9
202187,18.1,47.9
202287,17.5,47.9
202388,18.6,48.0
202488,19.7,48.0
202588,19.1,48.0
202689,18.6,48.0
202789,19.2,48.0
202889,19.1,48.0
202990,19.2,48.0
203090,18.6,48.0
203191,18.6,48.0
203291,17.5,48.0
203391,18.2,48.0
203492,18.6,48.0
203592,19.2,48.0
203693,18.6,48.0
203793,18.6,48.0
203893,18.6,48.0
203994,20.4,48.0
204094,19.1,48.0
204194,18.2,48.0
204295,19.1,48.0
204395,20.3,48.0
204495,18.1,48.0
204596,18.2,48.0
204696,19.6,48.0
204796,19.2,48.0
204896,18.7,48.0
204997,18.6,48.0
205097,18.7,48.0
205197,19.1,48.0
205298,19.2,48.0
205398,20.4,48.0
205498,18.7,48.1
205599,18.7,48.1
205699,19.1,48.1
205799,18.6,48.1
205900,18.7,48.1
206000,18.7,48.1
206100,19.1,48.1
206201,20.3,48.1
206301,19.1,48.1
206401,20.3,48.1
206502,18.6,48.1
206602,17.6,48.1
206702,20.3,48.1
206803,24.2,48.1
206903,25.0,48.1
207004,21.7,48.1
207104,19.7,48.1
207204,25.0,48.1
207305,20.0,48.1
207405,19.4,48.1
207505,18.1,48.1
207606,18.7,48.1
207706,18.6,48.1
207806,18.7,48.1
207907,19.1,48.1
208007,18.2,48.1
208108,19.1,48.1
208208,18.1,48.1
208308,17.6,48.1
208409,19.7,48.2
208509,18.2,48.2
208609,19.6,48.2
208709,19.2,48.2
208810,19.2,48.2
208910,19.1,48.2
209010,20.5,48.2
209111,18.7,48.2
209211,18.7,48.2
209311,19.7,48.2
209412,18.7,48.2
209512,20.3,48.2
209612,18.6,48.2
209713,18.7,48.2
209813,18.8,48.2
209913,17.5,48.2
210014,19.2,48.2
210114,18.6,48.2
210214,19.7,48.2
210315,18.2,48.2
210415,18.8,48.2
210515,17.5,48.2
210616,19.2,48.2
210716,18.1,48.2
210816,19.2,48.2
210917,19.7,48.2
211017,25.7,48.2
211117,25.0,48.2
211218,18.2,48.2
211318,20.6,48.2
211419,18.2,48.2
211519,19.2,48.2
211619,18.7,48.2
211720,18.7,48.2
211820,20.3,48.2
211920,18.6,48.2
212021,18.8,48.2
212121,18.6,48.2
212221,19.4,48.2
212322,20.4,48.3
212422,19.5,48.3
212522,18.7,48.3
212623,19.1,48.3
212723,19.1,48.3
212823,17.6,48.3
212923,18.7,48.3
213024,18.2,48.3
213124,18.2,48.3
213224,19.2,48.3
213325,22.0,48.3
213425,18.3,48.3
213525,18.6,48.3
213626,19.2,48.3
213726,17.6,48.3
213826,19.7,48.3
213927,17.6,48.3
214027,19.9,48.3
214127,18.1,48.3
214228,13.6,48.3
214328,17.2,48.3
214429,20.4,48.3
214529,18.7,48.3
214629,20.1,48.3
214730,18.7,48.4
214830,17.6,48.4
214930,17.5,48.4
215031,19.2,48.4
215131,18.7,48.4
215231,16.7,48.4
215332,18.6,48.4
215432,20.1,48.4
215532,18.7,48.4
215633,18.6,48.4
215733,19.7,48.4
215833,18.8,48.4
215934,19.7,48.4
216034,18.2,48.4
216134,18.6,48.4
216234,19.9,48.4
216335,17.0,48.4
216435,19.4,48.4
216535,18.2,48.4
216636,18.1,48.4
216736,18.2,48.4
216837,19.2,48.4
216937,18.1,48.4
217037,18.7,48.4
217138,19.2,48.4
217238,19.4,48.4
217338,18.7,48.4
217439,19.9,48.4
217539,19.2,48.4
217639,18.1,48.5
217740,19.7,48.5
217840,19.2,48.5
217940,17.5,48.5
218041,19.4,48.5
218141,19.1,48.5
218242,18.7,48.5
218342,18.7,48.5
218442,18.8,48.5
218542,19.2,48.5
218643,18.7,48.5
218743,19.2,48.5
218844,18.7,48.5
218944,18.7,48.5
219044,19.1,48.5
219145,19.6,48.5
219245,18.8,48.5
219345,18.7,48.5
219446,20.3,48.5
219546,18.2,48.6
219646,18.7,48.6
219747,19.2,48.6
219847,19.2,48.6
219947,19.9,48.6
220048,18.7,48.6
220148,17.5,48.6
220248,19.4,48.6
220349,18.7,48.6
220449,18.7,48.6
220549,19.2,48.6
220650,19.2,48.6
220750,19.2,48.6
220851,18.7,48.6
220951,18.2,48.6
221051,18.8,48.6
221152,19.1,48.6
221252,18.3,48.6
221352,18.8,48.6
221453,19.4,48.6
221553,18.2,48.7
221653,18.2,48.7
221754,19.9,48.7
221854,19.7,48.7
221955,18.7,48.7
222055,17.6,48.7
222155,19.2,48.7
222255,19.2,48.7
222356,20.0,48.7
222456,18.7,48.7
222557,19.2,48.7
222657,18.7,48.7
222757,19.2,48.7
222858,19.4,48.7
222958,19.7,48.7
223058,19.7,48.7
223159,18.7,48.7
223259,19.9,48.7
223360,21.2,48.7
223460,19.9,48.7
223560,18.8,48.7
223661,19.9,48.7
223761,17.6,48.7
223861,17.8,48.7
223962,19.7,48.7
224062,20.0,48.7
224163,19.2,48.7
224263,18.8,48.7
224363,18.3,48.7
224464,19.4,48.7
224564,18.6,48.8
224665,19.4,48.8
224765,18.2,48.8
224865,19.7,48.8
224965,19.7,48.8
225066,19.4,48.8
225166,18.1,48.8
225266,20.0,48.8
225367,19.5,48.8
225467,19.2,48.8
225568,20.3,48.8
225668,18.2,48.8
225768,17.1,48.8
225869,18.2,48.8
225969,18.2,48.8
226069,18.8,48.8
226169,19.1,48.8
226270,18.8,48.8
226370,18.2,48.8
226470,19.4,48.8
226571,19.7,48.8
226671,18.8,48.8
226771,19.2,48.9
226872,18.2,48.9
226972,19.7,48.9
227072,19.7,48.9
227173,18.8,48.9
227273,18.8,48.9
227373,19.0,48.9
227474,19.2,48.9
227574,18.2,48.9
227674,18.2,48.9
227775,19.4,48.9
227875,18.8,48.9
227975,18.7,48.9
228076,19.2,48.9
228176,19.2,48.9
228277,18.7,48.9
228377,18.8,48.9
228477,19.4,48.9
228578,19.2,48.9
228678,17.8,48.9
228778,19.2,48.9
228879,18.3,48.9
228979,19.9,48.9
229079,20.5,48.9
229180,18.7,48.9
229280,18.8,48.9
229380,19.4,48.9
229481,18.2,48.9
229581,19.9,48.9
229681,19.2,48.9
229782,19.9,48.9
229882,18.3,48.9
229982,18.7,48.9
230083,19.2,48.9
230183,19.5,49.0
230283,18.1,49.0
230384,20.5,49.0
230484,18.7,49.0
230584,19.9,49.0
230685,19.2,49.0
230785,18.7,49.0
230885,18.2,49.0
230986,19.9,49.0
231086,18.7,49.0
231186,18.2,49.0
231287,19.4,49.0
231387,18.8,49.0
231487,19.2,49.0
231588,19.7,49.0
231688,17.6,49.0
231789,20.4,49.0
231889,17.6,49.0
231989,18.2,49.0
232090,18.2,49.0
232190,18.7,49.0
232290,19.9,49.0
232390,19.7,49.0
232491,19.4,49.0
232591,20.4,49.0
232692,18.7,49.0
232792,18.8,49.0
232892,18.3,49.0
232992,19.9,49.0
233093,18.7,49.0
233193,19.4,49.0
233293,19.4,49.0
233394,20.5,49.0
233494,18.8,49.1
233594,20.3,49.1
233695,19.9,49.1
233795,19.2,49.1
233895,18.3,49.1
233996,19.2,49.1
234096,18.5,49.1
234196,19.7,49.1
234297,18.7,49.1
234397,18.8,49.1
234498,19.2,49.1
234598,19.0,49.2
234698,19.2,49.2
234799,18.3,49.2
234899,18.7,49.2
234999,19.4,49.2
235100,17.6,49.2
235200,18.8,49.2
235300,18.7,49.2
235401,22.3,49.2
235501,18.2,49.2
235601,19.9,49.2
235702,18.7,49.2
235802,19.2,49.2
235902,19.4,49.2
236003,18.7,49.2
236103,18.2,49.2
236203,20.9,49.2
236304,18.7,49.2
236404,18.4,49.2
236504,18.2,49.2
236604,19.4,49.2
236705,18.6,49.2
236805,18.7,49.2
236905,18.2,49.2
237006,18.8,49.2
237106,18.7,49.2
237207,19.9,49.2
237307,19.5,49.2
237407,20.0,49.2
237508,19.2,49.2
237608,19.9,49.2
237708,19.2,49.2
237809,19.4,49.2
237909,17.1,49.2
238009,18.8,49.2
238110,18.7,49.3
238210,19.2,49.2
238310,18.2,49.2
238411,20.0,49.2
238511,19.4,49.2
238611,19.4,49.3
238712,13.4,49.6
238812,18.7,49.6
238912,19.9,49.6
239013,18.8,49.6
239113,19.5,49.6
239213,20.5,49.6
239314,18.8,49.6
239414,19.2,49.6
239515,20.4,49.6
239615,19.4,49.6
239715,19.2,49.6
239815,19.4,49.6
239916,18.7,49.6
240016,18.7,49.6
240116,18.8,49.6
240217,18.7,49.6
240317,19.9,49.6
240417,20.0,49.6
240518,20.3,49.6
240618,19.4,49.6
240718,19.4,49.6
240819,19.4,49.6
240919,18.8,49.6
241019,18.7,49.6
241120,18.8,49.6
241220,18.4,49.6
241320,19.4,49.6
241421,19.6,49.6
241521,18.2,49.7
241621,19.2,49.7
241722,19.2,49.7
241822,19.4,49.7
241922,19.9,49.7
242023,19.4,49.7
242123,19.7,49.7
242224,18.8,49.7
242324,19.2,49.7
242424,20.5,49.7
242525,20.4,49.7
242625,19.7,49.7
242725,19.9,49.7
242826,19.9,49.7
242926,18.7,49.7
243026,19.4,49.7
243127,18.7,49.7
243227,18.4,49.7
243327,18.2,49.7
243427,20.0,49.7
243528,19.4,49.7
243628,26.1,49.7
243729,45.2,49.7
243829,23.4,49.7
243930,19.9,49.7
244030,19.4,49.7
244130,21.2,49.7
244231,18.8,49.7
244331,20.9,49.7
244431,20.5,49.7
244532,18.2,49.7
244632,19.9,49.7
244732,18.8,49.7
244833,19.9,49.7
244933,20.4,49.7
245034,20.4,49.7
245134,19.2,49.7
245234,18.8,49.7
245334,18.8,49.7
245435,21.7,49.7
245535,18.8,49.7
245635,21.2,49.7
245736,18.2,49.7
245836,19.4,49.7
245937,18.2,49.7
246037,19.4,49.7
246137,19.7,49.7
246237,19.5,49.7
246338,19.2,49.7
246438,18.8,49.7
246538,20.0,49.7
246639,19.9,49.7
246739,20.4,49.7
246839,19.4,49.7
246940,18.2,49.7
247040,18.3,49.7
247141,20.3,49.8
247241,18.8,49.7
247341,19.4,49.7
247442,19.4,49.7
247542,18.8,49.7
247642,20.4,49.7
247743,20.4,49.7
247843,19.4,49.8
247943,18.8,49.8
248044,19.2,49.8
248144,19.4,49.8
248244,19.9,49.8
248345,18.8,49.8
248445,19.5,49.8
248545,18.8,49.8
248646,19.9,49.8
248746,18.3,49.8
248846,19.9,49.8
248947,19.4,49.8
249047,19.4,49.8
249147,20.8,49.8
249248,20.9,49.8
249348,19.9,49.8
249448,20.0,49.8
249549,19.9,49.8
249649,19.9,49.8
249749,18.8,49.8
249850,19.9,49.8
249950,19.4,49.8
250050,19.2,49.8
250151,20.0,49.8
250251,18.8,49.8
250351,20.0,49.8
250452,20.5,49.8
250552,19.9,49.8
250652,18.7,49.8
250753,20.5,49.8
250853,20.3,49.8
250953,19.9,49.8
251054,18.8,49.8
251154,20.5,49.8
251255,20.5,49.8
251355,20.0,49.8
251455,19.9,49.8
251556,20.4,49.8
251656,18.8,49.8
251756,20.4,49.8
251857,19.9,49.8
251957,19.9,49.8
252058,20.4,49.8
252158,19.2,49.9
252258,19.9,49.9
252359,19.9,49.9
252459,19.4,49.9
252559,19.9,49.9
252660,18.8,49.9
252760,19.4,49.9
252860,19.9,49.9
252961,19.9,49.9
253061,18.8,49.9
253161,19.4,49.9
253262,19.4,49.9
253362,20.0,49.9
253463,19.9,49.9
253563,20.9,49.9
253663,19.4,49.9
253764,19.9,49.9
253864,20.5,49.9
253965,19.9,49.9
254065,19.2,49.9
254165,21.3,49.9
254266,20.4,49.9
254366,19.5,49.9
254466,20.4,49.9
254567,19.9,49.9
254667,20.4,49.9
254767,18.8,49.9
254868,20.3,49.9
254968,20.0,49.9
255069,19.2,50.0
255169,19.5,50.0
255270,20.5,50.0
255370,20.6,50.0
255470,19.5,50.0
255571,19.9,50.0
255671,19.2,50.0
255771,19.0,50.0
255872,20.4,50.0
255972,19.5,50.0
256073,20.9,50.0
256173,19.4,50.0
256273,19.4,50.0
256374,20.9,50.0
256474,18.8,50.0
256574,20.0,50.0
256675,20.9,50.0
256775,19.9,50.0
256875,19.9,50.0
256976,18.8,50.0
257076,17.8,50.0
257176,19.5,50.0
257277,20.5,50.0
257377,21.2,50.0
257477,19.9,50.0
257577,19.9,50.0
257678,20.0,50.0
257778,19.4,50.0
257878,19.4,50.0
257979,19.9,50.0
258079,19.9,50.1
258179,19.4,50.1
258280,19.2,50.1
258380,19.5,50.1
258480,19.9,50.1
258581,20.4,50.1
258681,19.9,50.1
258781,19.5,50.1
258882,20.9,50.1
258982,20.4,50.1
259082,19.5,50.1
259183,20.1,50.1
259283,21.0,50.1
259383,20.5,50.1
259484,21.0,50.1
259584,19.9,50.1
259684,19.4,50.1
259785,20.5,50.1
259885,19.4,50.1
259986,19.4,50.1
260086,18.8,50.1
260186,20.4,50.1
260286,19.4,50.1
260387,20.5,50.2
260487,19.4,50.2
260587,19.5,50.2
260688,19.7,50.2
260788,20.5,50.2
260889,18.8,50.2
260989,19.9,50.2
261089,20.5,50.2
261189,20.5,50.2
261290,20.4,50.2
261390,19.0,50.2
261490,20.0,50.2
261591,19.4,50.2
261691,19.9,50.2
261791,19.9,50.2
261892,18.8,50.2
261992,20.0,50.2
262093,19.9,50.2
262193,18.8,50.2
262293,19.5,50.2
262394,21.0,50.2
262494,19.0,50.2
262594,19.9,50.2
262695,19.9,50.2
262795,19.4,50.2
262895,20.3,50.2
262996,20.5,50.2
263096,20.5,50.2
263197,19.4,50.2
263297,19.0,50.2
263397,20.5,50.2
263497,19.5,50.2
263598,20.5,50.2
263698,20.9,50.3
263798,20.0,50.3
263899,20.4,50.3
263999,19.0,50.3
264099,19.9,50.3
264200,21.0,50.3
264300,19.9,50.3
264400,21.0,50.3
264501,19.9,50.3
264601,20.4,50.3
264702,19.9,50.3
264802,19.9,50.3
264902,20.5,50.3
265002,19.9,50.3
265103,20.5,50.3
265203,19.5,50.3
265303,20.6,50.3
265404,21.8,50.3
265504,20.9,50.3
265605,20.5,50.3
265705,18.8,50.3
265805,20.0,50.3
265906,20.0,50.3
266006,20.0,50.3
266106,19.9,50.3
266207,19.9,50.3
266307,20.9,50.3
266407,20.5,50.3
266508,20.0,50.3
266608,20.9,50.3
266708,20.0,50.3
266809,20.4,50.3
266909,19.9,50.3
267009,20.5,50.4
267110,18.8,50.4
267210,21.2,50.4
267310,19.9,50.4
267411,20.5,50.4
267511,19.5,50.4
267611,19.4,50.4
267712,19.4,50.4
267812,20.5,50.4
267912,19.4,50.4
268013,20.0,50.4
268113,19.4,50.4
268213,20.5,50.4
268314,20.4,50.4
268414,20.0,50.4
268514,20.0,50.4
268615,19.9,50.4
268715,19.4,50.4
268815,20.4,50.4
268916,19.9,50.4
269016,20.0,50.4
269116,19.2,50.4
269217,21.4,50.4
269317,20.4,50.4
269417,21.7,50.4
269518,19.4,50.4
269618,20.0,50.4
269719,19.7,50.4
269819,19.9,50.5
269919,20.9,50.5
270020,20.5,50.5
270120,19.9,50.5
270220,19.0,50.5
270321,19.4,50.5
270421,21.2,50.5
270521,19.4,50.5
270622,20.0,50.5
270722,19.2,50.5
270822,19.5,50.5
270923,21.0,50.5
271023,19.4,50.5
271123,20.4,50.5
271223,20.1,50.5
271324,20.0,50.5
271424,20.5,50.5
271525,19.5,50.5
271625,20.5,50.5
271725,21.0,50.5
271826,19.5,50.5
271926,18.8,50.5
272026,19.0,50.5
272127,20.4,50.5
272227,20.5,50.5
272327,19.4,50.5
272428,20.6,50.5
272528,20.4,50.5
272628,18.8,50.5
272729,19.4,50.5
272829,19.9,50.5
272929,19.0,50.5
273030,20.4,50.5
273130,20.0,50.5
273231,21.0,50.5
273331,20.0,50.5
273431,20.5,50.5
273531,21.5,50.5
273632,19.9,50.5
273732,20.5,50.5
273833,20.5,50.5
273933,19.9,50.5
274033,19.5,50.5
274134,21.0,50.5
274234,21.2,50.5
274334,20.5,50.6
274435,20.5,50.6
274535,21.0,50.6
274635,20.0,50.6
274736,19.4,50.6
274836,21.0,50.6
274936,20.5,50.6
275037,20.4,50.6
275137,20.4,50.6
275237,21.2,50.6
275338,20.5,50.6
275438,20.8,50.6
275538,19.5,50.6
275639,21.2,50.6
275739,18.8,50.7
275839,20.5,50.7
275939,19.4,50.7
276040,21.0,50.7
276140,20.0,50.7
276241,19.9,50.7
276341,19.5,50.7
276441,21.0,50.7
276542,18.8,50.7
276642,21.0,50.7
276742,19.5,50.7
276842,19.9,50.7
276943,19.5,50.7
277043,20.4,50.7
277143,20.0,50.7
277244,19.5,50.7
277344,20.0,50.7
277444,20.5,50.7
277545,21.0,50.7
277645,20.4,50.7
277745,20.1,50.7
277846,21.0,50.7
277946,21.0,50.7
278046,19.2,50.7
278147,21.7,50.7
278247,20.0,50.7
278347,19.6,50.7
278448,20.9,50.7
278548,20.5,50.7
278648,18.3,50.7
278749,20.0,50.7
278849,19.4,50.7
278949,20.0,50.7
279050,20.9,50.7
279150,20.0,50.7
279250,22.6,50.7
279351,20.0,50.8
279451,20.6,50.8
279552,20.5,50.8
279652,20.0,50.8
279752,19.9,50.8
279853,20.5,50.8
279953,21.2,50.8
280054,19.4,50.8
280154,20.6,50.8
280254,19.9,50.8
280354,20.5,50.8
280455,20.1,50.8
280555,21.0,50.8
280656,19.9,50.8
280756,20.5,50.8
280856,19.4,50.8
280957,20.6,50.8
281057,20.0,50.8
281157,19.4,50.8
281258,20.0,50.8
281358,20.1,50.8
281458,20.0,50.8
281559,20.9,50.8
281659,19.5,50.8
281759,20.0,50.8
281860,18.8,50.8
281960,20.0,50.8
282060,19.9,50.8
282161,20.5,50.8
282261,18.8,50.8
282361,20.1,50.9
282462,21.0,50.9
282562,20.9,50.9
282662,20.5,50.9
282763,19.5,50.9
282863,20.5,50.9
282964,20.0,50.9
283064,20.0,50.9
283164,20.4,50.9
283265,20.6,50.9
283365,21.2,50.9
283466,19.5,50.9
283566,21.0,50.9
283666,20.6,50.9
283767,20.5,50.9
283867,19.9,50.9
283967,21.0,50.9
284068,20.5,50.9
284168,22.0,50.9
284269,20.8,50.9
284369,21.0,50.9
284469,18.4,50.9
284570,21.5,50.9
284670,19.9,50.9
284770,19.9,50.9
284871,19.5,50.9
284971,21.0,50.9
285071,19.5,50.9
285172,20.4,50.9
285272,19.7,51.0
285373,22.8,51.0
285473,21.0,51.0
285573,20.5,51.0
285674,21.5,51.0
285774,21.0,51.0
285874,20.5,51.0
285975,20.0,51.0
286075,20.4,51.0
286175,20.5,51.0
286276,20.0,51.0
286376,20.0,51.0
286476,20.0,51.0
286577,20.6,51.0
286677,19.5,51.0
286778,20.4,51.0
286878,21.2,51.0
286978,19.5,51.0
287079,20.4,51.0
287179,21.2,51.0
287279,19.5,51.0
287380,20.6,51.0
287480,20.5,51.0
287580,20.5,51.0
287681,20.0,51.0
287781,20.5,51.0
287881,20.0,51.0
287982,20.0,51.0
288082,20.5,51.0
288182,20.0,51.0
288283,21.0,51.0
288383,20.0,51.0
288483,20.0,51.0
288584,21.5,51.0
288684,20.4,51.1
288784,20.5,51.1
288885,21.0,51.1
288985,21.0,51.1
289086,19.6,51.1
289186,20.4,51.1
289286,20.8,51.1
289387,20.0,51.1
289487,20.1,51.1
289587,20.5,51.1
289688,21.0,51.1
289788,20.0,51.1
289889,21.0,51.1
289989,20.5,51.1
290089,19.4,51.1
290190,20.0,51.1
290290,21.0,51.1
290390,20.6,51.1
290491,21.0,51.1
290591,20.5,51.1
290691,21.0,51.1
290792,20.5,51.1
290892,20.0,51.1
290992,19.5,51.1
291093,19.9,51.1
291193,21.3,51.1
291294,19.5,51.2
291394,21.7,51.2
291494,20.5,51.2
291595,21.0,51.2
291695,20.0,51.2
291795,19.4,51.2
291896,21.2,51.2
291996,19.4,51.2
292096,20.5,51.2
292197,20.0,51.2
292297,20.0,51.2
292397,20.6,51.2
292498,21.0,51.2
292598,20.5,51.2
292698,21.0,51.2
292799,20.5,51.2
292899,19.4,51.2
292999,20.6,51.2
293100,21.0,51.2
293200,21.8,51.2
293300,19.9,51.2
293400,20.3,51.2
293501,20.5,51.2
293601,20.0,51.2
293701,19.4,51.2
293802,20.0,51.2
293902,20.5,51.2
294002,19.5,51.2
294103,20.6,51.2
294203,20.0,51.2
294303,21.7,51.2
294404,20.6,51.2
294504,21.5,51.2
294604,20.6,51.2
294705,20.5,51.2
294805,20.6,51.2
294905,20.0,51.2
295006,20.5,51.2
295106,20.5,51.2
295206,21.0,51.2
295307,20.6,51.2
295407,22.9,51.3
295508,20.5,51.3
295608,20.5,51.3
295708,20.1,51.3
295809,20.5,51.3
295909,21.0,51.3
296009,20.0,51.3
296110,20.5,51.3
296210,19.5,51.3
296310,20.1,51.3
296410,21.0,51.4
296511,21.0,51.4
296611,19.5,51.4
296712,20.6,51.4
296812,21.0,51.4
296912,19.5,51.4
297012,20.0,51.4
297113,21.5,51.4
297213,21.7,51.4
297313,20.0,51.4
297414,21.0,51.4
297514,21.2,51.4
297614,20.0,51.4
297715,21.0,51.4
297815,20.5,51.4
297915,20.5,51.4
298016,20.5,51.4
298116,20.1,51.4
298216,20.5,51.4
298317,20.5,51.4
298417,21.7,51.4
298517,21.0,51.4
298618,19.0,51.4
298718,21.0,51.4
298818,20.0,51.4
298919,21.0,51.4
299019,20.0,51.4
299119,21.0,51.4
299220,20.8,51.4
299320,22.3,51.5
299420,20.1,51.5
299520,20.5,51.5
299621,20.5,51.5
299721,20.6,51.5
299822,21.0,51.5
299922,20.5,51.5
300022,20.5,51.5
300123,21.0,51.5
300223,20.0,51.5
300323,20.5,51.5
300423,20.6,51.5
300524,21.0,51.5
300624,21.0,51.5
300725,20.5,51.5
300825,20.6,51.5
300925,20.5,51.5
301025,19.5,51.5
301126,20.0,51.5
301226,21.0,51.5
301326,19.5,51.5
301427,20.6,51.5
301527,20.5,51.5
301627,21.0,51.5
301728,21.0,51.5
301828,20.0,51.5
301928,20.0,51.5
302029,20.0,51.6
302129,21.5,51.6
302229,19.5,51.6
302330,21.7,51.6
302430,21.2,51.6
302531,20.0,51.6
302631,20.0,51.6
302731,20.6,51.6
302832,21.2,51.6
302932,20.5,51.6
303032,20.5,51.6
303133,20.6,51.6
303233,21.2,51.6
303333,20.5,51.6
303434,20.6,51.6
303534,19.5,51.6
303635,20.1,51.6
303735,19.5,51.6
303835,20.0,51.6
303936,21.2,51.6
304036,20.4,51.6
304136,20.5,51.6
304237,20.6,51.6
304337,21.3,51.6
304437,20.1,51.6
304538,21.2,51.6
304638,20.0,51.6
304739,20.6,51.6
304839,20.0,51.6
304939,20.0,51.6
305040,21.0,51.6
305140,20.6,51.6
305240,20.1,51.6
305341,20.6,51.6
305441,21.4,51.6
305541,21.7,51.6
305642,19.9,51.6
305742,20.6,51.6
305843,20.0,51.6
305943,21.2,51.7
306043,19.5,51.7
306144,20.0,51.7
306244,20.5,51.7
306344,21.7,51.6
306445,20.6,51.6
306545,20.0,51.7
306646,20.0,51.7
306746,20.0,51.7
306846,21.0,51.7
306947,19.6,51.7
307047,21.0,51.7
307147,21.0,51.7
307248,21.2,51.7
307348,21.0,51.7
307448,20.6,51.7
307549,20.6,51.7
307649,20.5,51.7
307749,20.8,51.7
307850,21.2,51.7
307950,20.6,51.8
308051,20.0,51.8
308151,20.0,51.8
308251,20.6,51.8
308352,20.6,51.8
308452,21.0,51.8
308552,21.2,51.8
308653,19.0,51.8
308753,21.2,51.8
308853,19.4,51.8
308953,20.6,51.8
309054,21.2,51.8
309154,20.0,51.8
309255,21.7,51.8
309355,22.4,51.8
309455,20.0,51.8
309556,21.2,51.8
309656,20.5,51.8
309756,20.5,51.8
309857,21.2,51.8
309957,20.0,51.8
310057,21.2,51.8
310158,20.6,51.8
310258,19.5,51.8
310359,21.7,51.8
310459,20.6,51.8
310559,20.0,51.8
310660,21.2,51.8
310760,20.0,51.8
310860,21.7,51.8
310961,21.5,51.8
311061,21.5,51.8
311161,20.6,51.8
311262,20.5,51.9
311362,21.7,51.9
311462,20.1,51.9
311563,21.7,51.9
311663,21.7,51.9
311763,19.0,51.9
311864,21.7,51.9
311964,21.0,51.9
312064,21.5,51.9
312165,20.1,51.9
312265,21.7,51.9
312365,21.2,51.9
312466,21.2,51.8
312566,20.5,51.8
312666,20.0,51.8
312767,20.1,51.8
312867,21.2,51.8
312967,21.2,51.8
313068,19.0,51.8
313168,19.4,51.9
313268,20.6,51.8
313369,20.6,51.9
313469,20.6,51.9
313569,20.0,51.9
313670,21.7,51.9
313770,20.5,51.9
313870,21.2,51.9
313971,21.7,51.9
314071,20.1,51.9
314171,19.5,51.9
314272,21.9,51.9
314372,22.3,51.9
314472,20.0,51.9
314573,21.2,51.9
314673,20.6,51.9
314773,20.0,51.9
314874,20.5,51.9
314974,20.8,51.9
315074,20.5,51.9
315175,20.6,51.9
315275,21.5,51.9
315375,23.1,51.9
315476,19.5,51.9
315576,21.2,51.9
315677,21.5,51.9
315777,21.2,51.9
315877,21.2,51.9
315978,21.5,51.9
316078,20.0,51.9
316178,20.5,51.9
316279,19.6,51.9
316379,20.6,52.0
316480,22.2,52.0
316580,20.5,52.0
316680,20.6,52.0
316781,21.0,52.0
316881,21.0,52.0
316981,20.6,52.0
317082,19.5,52.0
317182,22.3,52.0
317282,20.1,52.0
317383,20.6,52.0
317483,20.6,52.0
317584,21.0,52.0
317684,19.5,52.0
317784,20.0,52.0
317885,21.2,52.0
317985,20.5,52.0
318085,20.6,52.0
318186,21.7,52.0
318286,20.0,52.0
318386,20.8,52.0
318487,20.6,52.0
318587,20.6,52.0
318687,20.0,52.0
318788,21.2,52.0
318888,21.2,52.0
318988,19.5,52.0
319089,20.6,52.0
319189,21.2,52.0
319289,21.3,52.0
319390,20.8,52.0
319490,20.6,52.0
319590,21.2,52.0
319691,20.6,52.0
319791,20.1,52.0
319891,21.5,52.0
319992,20.0,52.0
320092,20.6,52.0
320192,21.2,52.0
320293,20.6,52.0
320393,21.2,52.0
320493,20.5,52.0
320594,21.0,52.0
320694,20.5,52.0
320794,20.6,52.0
320894,20.6,52.0
320995,21.0,52.1
321095,20.1,52.1
321195,19.5,52.1
321296,22.2,52.1
321396,20.8,52.1
321496,21.7,52.1
321597,20.5,52.1
321697,21.2,52.1
321798,21.2,52.1
321898,21.3,52.1
321998,20.6,52.1
322099,21.0,52.1
322199,20.1,52.1
322299,20.6,52.1
322400,22.6,52.1
322500,20.6,52.1
322600,21.7,52.2
322701,21.0,52.2
322801,21.2,52.2
322901,21.2,52.2
323002,20.6,52.2
323102,21.7,52.2
323202,21.3,52.2
323303,21.2,52.2
323403,21.7,52.2
323503,20.6,52.2
323604,20.6,52.2
323704,20.1,52.2
323805,20.5,52.2
323905,21.7,52.2
324005,21.7,52.2
324106,20.5,52.2
324206,21.2,52.2
324307,22.3,52.2
324407,21.9,52.2
324507,20.0,52.2
324608,21.2,52.2
324708,20.6,52.2
324808,21.2,52.2
324909,19.5,52.2
325009,21.7,52.2
325109,21.7,52.2
325210,20.1,52.2
325310,19.6,52.2
325410,22.6,52.2
325511,20.5,52.2
325611,20.5,52.2
325712,22.2,52.2
325812,20.1,52.2
325912,19.1,52.2
326013,21.0,52.2
326113,21.7,52.2
326213,20.0,52.2
326314,20.6,52.2
326414,20.6,52.2
326514,20.5,52.2
326615,21.7,52.3
326715,21.8,52.3
326815,20.5,52.3
326916,21.2,52.3
327016,21.0,52.3
327117,22.6,52.3
327217,20.1,52.3
327317,21.8,52.3
327418,21.2,52.3
327518,20.6,52.3
327618,21.7,52.3
327719,21.7,52.3
327819,19.5,52.3
327919,20.6,52.3
328020,21.7,52.3
328120,20.6,52.3
328220,21.7,52.3
328321,20.1,52.3
328421,21.8,52.3
328522,20.6,52.3
328622,20.0,52.3
328722,21.2,52.3
328823,21.8,52.4
328923,21.2,52.4
329023,20.6,52.4
329124,19.0,52.4
329224,21.9,52.4
329324,21.8,52.4
329425,21.8,52.4
329525,21.2,52.4
329625,21.0,52.4
329726,21.2,52.4
329826,20.0,52.4
329926,20.6,52.4
330027,20.0,52.4
330127,20.5,52.4
330227,20.3,52.4
330327,21.5,52.4
330428,21.2,52.4
330528,21.3,52.4
330628,20.5,52.4
330729,21.2,52.4
330829,21.0,52.4
330929,20.8,52.4
331030,20.5,52.4
331130,20.6,52.4
331230,20.8,52.4
331331,21.2,52.4
331431,21.2,52.4
331532,20.6,52.4
331632,19.6,52.4
331732,20.5,52.5
331833,20.0,52.5
331933,20.6,52.5
332033,21.3,52.5
332133,19.0,52.5
332234,21.5,52.4
332334,20.8,52.4
332434,21.2,52.5
332535,20.6,52.5
332635,21.2,52.5
332735,21.2,52.5
332836,20.5,52.5
332936,21.8,52.5
333036,20.5,52.5
333137,21.7,52.5
333237,21.2,52.5
333337,20.6,52.5
333438,20.1,52.5
333538,22.6,52.5
333638,20.3,52.5
333739,22.2,52.5
333839,21.0,52.5
333939,20.1,52.5
334040,20.5,52.5
334140,21.2,52.6
334240,21.2,52.6
334341,24.1,52.6
334441,20.8,52.6
334541,20.1,52.6
334642,21.0,52.6
334742,21.5,52.6
334842,20.6,52.6
334943,21.3,52.6
335043,21.2,52.6
335143,21.0,52.6
335244,22.4,52.6
335344,21.2,52.6
335445,21.8,52.6
335545,20.6,52.6
335645,21.2,52.6
335746,21.2,52.6
335846,20.5,52.6
335946,21.8,52.6
336047,21.5,52.6
336147,20.1,52.6
336248,21.7,52.6
336348,20.0,52.6
336448,21.3,52.6
336549,21.2,52.6
336649,21.0,52.6
336750,20.1,52.6
336850,20.0,52.6
336950,20.6,52.7
337051,20.1,52.7
337151,21.2,52.7
337252,21.4,52.7
337352,20.8,52.7
337453,20.5,52.7
337553,21.3,52.7
337653,20.0,52.7
337754,21.7,52.7
337854,20.6,52.7
337954,21.3,52.7
338055,21.0,52.7
338155,21.8,52.7
338256,20.5,52.7
338356,21.8,52.7
338456,21.0,52.7
338557,21.2,52.7
338657,21.2,52.7
338757,21.2,52.7
338858,21.0,52.7
338958,21.7,52.7
339058,20.6,52.7
339159,22.2,52.7
339259,21.8,52.7
339359,22.6,52.7
339460,21.2,52.7
339560,21.7,52.7
339661,20.5,52.7
339761,21.7,52.7
339861,21.2,52.7
339962,21.7,52.7
340062,20.5,52.7
340162,21.7,52.7
340263,20.6,52.7
340363,21.3,52.7
340463,20.6,52.7
340564,21.5,52.7
340664,20.6,52.7
340764,21.2,52.7
340865,21.0,52.7
340965,20.8,52.7
341065,21.0,52.7
341166,20.6,52.7
341266,21.8,52.8
341366,20.1,52.8
341467,21.0,52.8
341567,21.3,52.8
341667,20.5,52.8
341768,21.7,52.8
341868,21.0,52.8
341969,20.6,52.8
342069,21.2,52.8
342169,21.7,52.8
342270,21.2,52.8
342370,38.2,52.7
342471,21.2,52.7
342571,21.7,52.7
342671,20.5,52.7
342772,21.2,52.7
342872,20.6,52.7
342972,21.2,52.7
343073,21.2,52.7
343173,21.3,52.7
343273,20.6,52.7
343373,21.7,52.7
343474,20.8,52.7
343574,21.2,52.7
343675,20.6,52.7
343775,21.5,52.7
343875,21.2,52.7
343976,20.1,52.7
344076,21.7,52.7
344176,20.6,52.7
344277,21.9,52.7
344377,24.1,52.7
344477,20.1,52.7
344578,21.2,52.7
344678,20.6,52.7
344778,21.7,52.7
344878,20.8,52.7
344979,21.2,52.7
345079,20.6,52.7
345180,20.6,52.7
345280,21.2,52.7
345380,22.6,52.7
345481,22.0,52.8
345581,20.6,52.8
345682,20.1,52.8
345782,21.0,52.8
345882,21.0,52.8
345983,20.6,52.8
346083,20.8,52.8
346183,21.2,52.8
346283,22.3,52.8
346384,21.7,52.8
346484,21.3,52.8
346585,21.3,52.8
346685,20.8,52.8
346785,21.0,52.8
346886,22.3,52.8
346986,20.6,52.8
347086,21.2,52.8
347186,20.6,52.8
347287,21.2,52.8
347387,21.8,52.8
347488,20.6,52.8
347588,21.7,52.8
347688,20.6,52.8
347789,21.7,52.8
347889,20.6,52.8
347989,21.2,52.8
348090,20.6,52.8
348190,22.2,52.8
348290,21.8,52.8
348391,22.6,52.8
348491,21.4,52.8
348591,21.7,52.9
348692,21.2,52.9
348792,20.6,52.9
348892,20.4,52.9
348993,19.6,52.9
349093,21.2,52.9
349193,20.1,52.9
349294,21.3,52.9
349394,22.1,52.9
349494,21.3,52.9
349595,21.7,52.9
349695,21.7,52.9
349795,22.3,52.9
349896,21.8,52.9
349996,21.2,53.0
350096,20.5,53.0
350197,20.6,52.9
350297,20.6,53.0
350397,22.3,52.9
350498,21.7,53.0
350598,20.1,53.0
350699,20.5,53.0
350799,20.6,53.0
350899,21.3,53.0
351000,22.6,53.0
351100,21.7,53.0
351200,21.8,53.0
351301,21.2,53.0
351401,20.8,53.0
351501,21.2,53.0
351602,21.0,53.0
351702,20.0,53.0
351803,21.2,53.0
351903,21.2,53.0
352003,20.6,53.0
352104,21.7,53.0
352204,20.8,53.0
352304,21.0,53.0
352405,22.9,53.0
352505,20.6,53.0
352605,20.0,53.0
352706,20.1,53.0
352806,21.2,53.0
352906,21.2,53.0
353007,21.3,53.0
353107,21.2,53.0
353207,21.9,53.0
353308,21.3,53.0
353408,22.3,53.0
353508,21.7,53.0
353609,21.2,53.0
353709,21.2,53.0
353810,21.7,53.0
353910,21.2,53.0
354010,20.8,53.0
354111,22.3,53.1
354211,21.3,53.1
354312,21.2,53.1
354412,22.4,53.1
354512,21.7,53.1
354613,21.7,53.1
354713,21.3,53.1
354813,20.5,53.1
354914,20.5,53.1
355014,20.8,53.1
355114,21.2,53.1
355215,21.7,53.1
355315,20.6,53.1
355415,22.7,53.1
355516,21.2,53.1
355616,21.7,53.1
355716,20.0,53.1
355817,21.7,53.2
355917,20.8,53.2
356017,20.6,53.2
356118,22.3,53.2
356218,21.2,53.2
356318,21.7,53.2
356419,21.3,53.2
356519,20.8,53.2
356619,21.0,53.2
356720,20.6,53.2
356820,21.7,53.3
356920,20.6,53.3
357021,21.2,53.3
357121,21.3,53.3
357221,21.8,53.3
357322,20.6,53.3
357422,20.8,53.3
357522,22.2,53.3
357623,20.6,53.3
357723,21.7,53.3
357823,20.0,53.3
357924,21.2,53.3
358024,20.8,53.3
358124,21.2,53.3
358225,21.8,53.3
358325,21.3,53.3
358426,21.3,53.3
358526,20.6,53.3
358626,21.2,53.3
358727,21.7,53.3
358827,21.2,53.3
358927,20.8,53.3
359028,21.2,53.3
359128,21.8,53.3
359228,21.9,53.3
359329,21.7,53.3
359429,21.7,53.3
359529,21.3,53.3
359630,21.0,53.3
359730,21.8,53.3
359830,21.2,53.3
359931,20.6,53.3
360031,20.6,53.3
360131,21.8,53.4
360232,21.2,53.4
360332,21.2,53.4
360432,20.8,53.4
360533,21.3,53.4
360633,21.2,53.4
360733,20.8,53.4
360849,14.1,53.4
360950,15.4,53.4
361050,20.6,53.4
361151,21.3,53.4
361251,21.8,53.4
361351,20.6,53.4
361452,21.7,53.4
361552,21.3,53.4
361652,20.5,53.4
361753,17.7,53.4
361853,20.5,53.4
361954,21.2,53.4
362054,21.2,53.4
362154,20.8,53.4
362255,21.3,53.4
362355,22.3,53.4
362455,21.7,53.4
362556,21.8,53.4
362656,20.6,53.4
362756,20.3,53.4
362857,21.3,53.4
362957,21.7,53.4
363057,20.6,53.4
363158,20.1,53.4
363258,21.8,53.4
363359,21.8,53.4
363459,20.3,53.4
363560,21.7,53.4
363660,20.1,53.4
363760,20.6,53.4
363861,20.0,53.4
363961,20.6,53.4
364061,21.2,53.4
364162,21.8,53.4
364262,21.2,53.4
364362,20.8,53.5
364463,21.8,53.5
364563,22.3,53.5
364664,20.6,53.5
364764,21.7,53.5
364864,21.3,53.5
364965,21.7,53.5
365065,21.3,53.5
365165,21.0,53.5
365266,22.4,53.5
365366,22.6,53.5
365467,22.3,53.5
365567,20.6,53.5
365668,20.8,53.5
365768,20.6,53.5
365868,21.2,53.5
365969,21.8,53.5
366069,21.2,53.5
366169,21.8,53.5
366270,20.5,53.5
366370,22.9,53.5
366470,22.2,53.5
366571,20.6,53.5
366671,21.3,53.5
366771,20.6,53.5
366872,21.2,53.6
366972,21.3,53.6
367072,21.2,53.6
367173,20.1,53.6
367273,21.8,53.6
367373,22.3,53.6
367474,22.3,53.6
367574,21.2,53.6
367674,20.6,53.6
367775,22.8,53.6
367875,20.6,53.6
367975,20.6,53.6
368076,21.2,53.6
368176,20.8,53.6
368276,21.7,53.5
368377,20.8,53.5
368477,20.6,53.6
368577,21.3,53.6
368678,20.6,53.6
368778,21.8,53.6
368878,21.2,53.6
368979,21.3,53.6
369079,21.5,53.6
369179,20.8,53.6
369280,21.2,53.6
369380,22.4,53.6
369480,22.9,53.6
369581,21.7,53.6
369681,21.8,53.6
369781,21.2,53.7
369882,21.7,53.7
369982,20.8,53.7
370082,21.7,53.7
370183,21.8,53.7
370283,21.2,53.7
370383,20.3,53.7
370484,21.8,53.7
370584,21.3,53.7
370684,21.2,53.7
370785,21.8,53.7
370885,20.6,53.7
370985,21.2,53.7
371086,22.8,53.7
371186,20.8,53.7
371287,22.8,53.7
371387,21.4,53.7
371487,21.2,53.7
371588,21.2,53.7
371688,20.9,53.7
371788,20.5,53.7
371889,20.8,53.7
371989,21.8,53.7
372089,21.2,53.7
372190,21.2,53.7
372290,22.3,53.7
372390,21.7,53.7
372491,21.3,53.7
372591,21.7,53.7
372692,21.3,53.7
372792,21.2,53.8
372892,21.3,53.8
372993,20.8,53.8
373093,21.7,53.8
373193,20.4,53.8
373294,21.7,53.8
373394,21.8,53.8
373494,21.3,53.8
373595,21.7,53.8
373695,22.3,53.8
373795,20.6,53.8
373896,22.8,53.8
373996,20.8,53.8
374096,22.2,53.8
374197,20.8,53.8
374297,21.3,53.8
374397,22.3,53.8
374498,23.1,53.8
374598,20.6,53.8
374698,20.8,53.8
374799,21.2,53.8
374899,20.3,53.8
375000,21.2,53.8
375100,21.4,53.8
375200,21.3,53.8
375301,20.6,53.9
375401,23.1,53.9
375501,21.7,53.9
375602,21.2,53.9
375702,21.8,53.9
375802,20.6,53.9
375903,21.8,53.9
376003,21.7,53.9
376103,21.7,53.9
376204,20.6,53.9
376304,21.8,53.9
376404,22.3,53.9
376505,21.8,53.9
376605,20.6,53.9
376705,20.6,53.9
376806,21.2,53.9
376906,21.2,53.9
377006,21.5,53.9
377107,21.2,53.9
377207,21.3,53.9
377307,21.3,53.9
377408,22.9,53.9
377508,21.3,53.9
377608,22.3,53.9
377709,21.2,53.9
377809,21.7,53.9
377909,21.3,53.9
378010,20.8,53.9
378110,21.2,53.9
378211,20.1,53.9
378311,21.8,53.9
378411,21.3,53.9
378512,22.3,53.9
378612,22.3,53.9
378712,20.8,54.0
378813,21.2,54.0
378913,21.7,54.0
379013,21.7,54.0
379114,21.8,54.0
379214,20.5,54.0
379314,20.8,54.0
379415,21.3,54.0
379515,23.1,54.0
379615,21.3,54.0
379716,21.2,54.0
379816,21.7,54.0
379917,20.8,54.0
380017,21.5,54.0
380117,21.0,54.0
380218,20.0,54.0
380318,22.3,54.0
380418,20.8,54.0
380519,21.7,54.0
380619,21.3,54.0
380719,21.2,54.0
380820,21.2,54.0
380920,20.8,54.0
381020,21.3,54.0
381121,21.7,54.0
381221,21.3,54.0
381321,21.2,54.0
381422,20.0,54.0
381522,21.3,54.0
381622,20.6,54.0
381723,21.2,54.0
381823,20.6,54.0
381923,21.7,54.0
382024,21.2,54.0
382124,20.6,54.0
382224,20.6,54.0
382325,21.2,54.0
382425,20.8,54.0
382526,21.2,54.0
382626,21.2,54.0
382726,19.5,54.1
382827,21.9,54.1
382927,21.7,54.1
383028,21.2,54.1
383128,21.7,54.1
383228,19.6,54.1
383329,20.6,54.1
383429,20.6,54.1
383529,20.6,54.1
383630,21.2,54.1
383730,22.0,54.1
383830,19.9,54.1
383931,21.0,54.1
384031,20.0,54.1
384131,20.5,54.1
384232,21.2,54.1
384332,20.5,54.1
384432,20.0,54.1
384533,34.0,54.1
384633,41.6,54.1
384733,19.4,54.1
384834,24.2,54.8
384934,21.3,54.8
385034,21.3,54.8
385135,22.3,54.8
385235,20.6,54.8
385336,21.8,54.8
385436,22.6,54.8
385536,20.1,54.8
385637,21.2,54.8
385737,21.8,54.8
385837,21.7,54.8
385937,21.2,54.8
386038,21.8,54.8
386138,20.6,54.8
386239,21.2,54.8
386339,21.3,54.8
386439,21.3,54.8
386540,21.8,54.8
386640,20.6,54.8
386740,21.7,54.8
386841,20.6,54.8
386941,21.3,54.8
387041,21.7,54.8
387142,20.6,54.8
387242,22.3,54.8
387342,21.9,54.9
387443,21.2,54.9
387543,21.3,54.9
387643,21.7,54.9
387744,21.2,54.9
387844,21.7,54.9
387944,21.2,54.9
388045,21.2,54.9
388145,22.2,54.9
388245,20.5,54.9
388346,21.3,54.9
388446,22.8,54.9
388547,21.7,54.9
388647,20.5,54.9
388747,21.2,54.9
388848,20.4,54.9
388948,21.0,54.9
389048,20.5,54.9
389149,20.0,54.9
389249,20.1,54.9
389349,21.8,54.9
389450,21.0,54.9
389550,21.3,54.9
389651,20.5,54.9
389751,21.0,54.9
389851,20.5,54.9
389952,20.0,54.9
390052,20.4,55.0
390152,20.5,55.0
390253,21.0,55.0
390353,20.6,55.0
390453,19.9,55.0
390554,20.0,55.0
390654,20.4,55.0
390754,21.0,55.0
390855,19.4,55.0
390955,20.4,55.0
391055,19.9,55.0
391156,20.6,55.0
391256,21.0,55.0
391356,21.0,55.0
391457,20.0,55.0
391557,20.4,55.0
391658,20.4,55.0
391758,19.9,55.0
391858,19.2,55.0
391958,20.5,55.0
392059,19.9,55.0
392159,20.1,55.0
392260,20.5,55.0
392360,20.6,55.1
392460,18.6,55.1
392561,19.4,55.1
392661,20.0,55.1
392761,20.5,55.1
392861,20.9,55.1
392962,19.5,55.1
393062,19.9,55.1
393163,19.9,55.1
393263,21.0,55.1
393363,20.0,55.1
393464,20.0,55.1
393564,20.0,55.1
393664,20.3,55.1
393765,20.5,55.1
393865,20.4,55.1
393966,19.9,55.1
394066,20.4,55.1
394166,20.0,55.1
394267,20.4,55.1
394367,19.9,55.1
394467,20.5,55.1
394568,20.1,55.1
394668,20.0,55.1
394768,19.9,55.1
394869,20.4,55.1
394969,19.0,55.1
395069,19.9,55.1
395170,19.9,55.1
395270,21.2,55.1
395370,20.8,55.1
395471,20.9,55.1
395571,20.4,55.1
395671,19.4,55.1
395772,19.2,55.1
395872,20.4,55.1
395972,20.5,55.1
396073,20.4,55.1
396173,20.0,55.1
396273,20.4,55.1
396374,20.5,55.1
396474,20.5,55.1
396574,19.9,55.1
396675,20.0,55.2
396775,19.4,55.2
396875,20.0,55.2
396976,21.0,55.2
397076,20.4,55.2
397176,20.6,55.2
397277,19.2,55.2
397377,21.0,55.2
397478,20.3,55.1
397578,20.0,55.1
397678,19.9,55.1
397779,20.4,55.2
397879,20.0,55.2
397979,19.4,55.2
398079,20.5,55.2
398180,19.9,55.2
398280,19.9,55.2
398380,20.5,55.2
398481,19.9,55.2
398581,19.5,55.2
398682,20.4,55.2
398782,19.4,55.2
398882,20.9,55.2
398983,19.4,55.2
399083,20.5,55.2
399183,20.0,55.2
399284,20.0,55.2
399384,21.0,55.2
399484,20.0,55.2
399585,20.1,55.3
399685,20.5,55.3
399785,20.0,55.3
399886,21.0,55.3
399986,20.4,55.3
400087,21.0,55.3
400187,18.3,55.3
400287,19.1,55.3
400388,20.3,55.3
400488,21.2,55.3
400588,19.4,55.3
400689,21.0,55.3
400789,19.9,55.3
400889,20.4,55.3
400990,19.4,55.3
401090,19.9,55.3
401190,20.4,55.3
401291,20.5,55.3
401391,20.5,55.3
401491,20.5,55.3
401592,20.4,55.3
401692,19.9,55.3
401793,19.4,55.3
401893,19.7,55.3
401993,20.0,55.3
402094,19.9,55.3
402194,20.0,55.3
402294,20.4,55.4
402395,22.3,55.4
402495,19.9,55.4
402596,19.4,55.4
402696,21.0,55.4
402796,20.0,55.4
402897,21.0,55.4
402997,19.4,55.4
403097,20.5,55.4
403198,20.4,55.4
403298,20.0,55.4
403399,21.0,55.4
403499,20.5,55.4
403599,20.0,55.4
403700,21.5,55.4
403800,26.6,55.4
403900,22.9,55.4
404001,25.7,55.4
404101,25.2,55.4
404202,19.9,55.4
404302,20.9,55.4
404402,21.3,55.4
404503,21.4,55.4
404603,21.2,55.5
404704,20.0,55.5
404804,18.8,55.5
404904,20.5,55.5
405005,19.4,55.5
405105,21.0,55.5
405206,20.4,55.5
405306,21.3,55.5
405407,22.4,55.5
405507,19.9,55.5
405607,20.0,55.5
405708,20.4,55.5
405808,20.4,55.5
405909,19.4,55.5
406009,20.4,55.5
406109,19.5,55.5
406210,19.9,55.5
406310,19.4,55.5
406410,21.2,55.5
406511,21.0,55.5
406611,19.9,55.5
406712,20.5,55.5
406812,19.7,55.5
406912,19.0,55.6
407013,21.0,55.6
407113,21.0,55.6
407213,19.9,55.6
407314,20.4,55.6
407414,21.2,55.6
407514,19.9,55.6
407615,19.9,55.6
407715,20.5,55.6
407815,20.4,55.6
407916,20.5,55.6
408016,18.8,55.6
408117,19.9,55.6
408217,20.5,55.6
408317,20.0,55.6
408418,21.5,55.6
408518,20.0,55.6
408618,20.5,55.6
408719,19.9,55.6
408819,20.0,55.6
408919,20.9,55.6
409020,19.4,55.6
409120,19.9,55.6
409220,19.9,55.6
409321,20.1,55.6
409421,21.0,55.6
409521,20.4,55.6
409622,21.8,55.7
409722,20.0,55.7
409823,20.9,55.7
409923,19.5,55.7
410023,19.9,55.7
410123,20.5,55.7
410224,20.0,55.6
410324,20.5,55.6
410425,21.0,55.7
410525,20.0,55.7
410625,19.9,55.7
410726,19.9,55.7
410826,20.9,55.7
410926,19.5,55.7
411027,20.5,55.7
411127,19.9,55.7
411227,19.9,55.7
411327,20.5,55.7
411428,20.5,55.7
411528,19.9,55.7
411629,20.5,55.7
411729,19.5,55.7
411830,19.7,55.7
411930,19.5,55.7
412030,19.4,55.7
412131,20.9,55.7
412231,20.1,55.7
412332,21.0,55.7
412432,20.6,55.7
412532,21.5,55.7
412633,38.1,55.7
412733,26.1,55.7
412834,20.5,55.7
412934,19.4,55.7
413034,19.4,55.7
413135,20.9,55.7
413235,19.4,55.7
413335,20.0,55.7
413436,21.5,55.7
413536,20.0,55.7
413636,20.4,55.7
413737,21.5,55.7
413837,19.5,55.7
413937,19.5,55.7
414038,20.9,55.7
414138,18.8,55.7
414238,20.5,55.7
414339,21.0,55.7
414439,21.2,55.7
414539,20.4,55.7
414640,20.6,55.7
414740,21.0,55.7
414840,20.4,55.7
414941,19.5,55.7
415041,20.9,55.7
415142,20.5,55.7
415242,19.9,55.7
415342,20.6,55.7
415443,20.6,55.7
415543,20.5,55.7
415644,19.9,55.7
415744,20.5,55.7
415844,19.9,55.7
415945,20.8,55.7
416045,19.5,55.7
416146,20.5,55.7
416246,21.0,55.7
416346,19.5,55.7
416447,22.2,55.7
416547,20.0,55.7
416647,20.4,55.7
416748,19.5,55.7
416848,20.4,55.7
416948,19.5,55.7
417049,21.0,55.7
417149,20.4,55.7
417249,19.5,55.7
417350,21.5,55.7
417450,20.0,55.8
417550,18.8,55.8
417651,21.0,55.8
417751,18.2,55.8
417851,20.0,55.8
417952,19.0,55.8
418052,19.9,55.8
418152,19.5,55.8
418253,20.5,55.8
418353,19.0,55.8
418454,20.0,55.8
418554,19.4,55.8
418654,18.4,55.8
418755,19.9,55.8
418855,19.9,55.8
418955,18.4,55.8
419056,19.4,55.8
419156,18.8,55.8
419256,19.5,55.8
419356,20.0,55.8
419457,18.8,55.8
419557,19.5,55.8
419658,19.5,55.8
419758,19.4,55.8
419858,19.5,55.8
419959,19.5,55.8
420059,19.4,55.8
420159,20.0,55.8
420260,20.0,55.8
420360,18.8,55.8
420460,20.5,55.8
420561,19.4,55.9
420661,18.8,55.9
420761,20.5,55.9
420862,18.8,55.9
420962,18.8,55.9
421062,19.5,55.9
421163,18.4,55.9
421263,19.9,55.9
421363,23.0,56.2
421464,26.7,56.2
421564,24.8,56.2
421665,20.0,56.2
421765,20.8,56.2
421865,18.2,56.2
421966,19.5,56.2
422066,19.9,56.2
422166,19.0,56.2
422267,20.5,56.2
422367,20.0,56.2
422467,19.5,56.2
422568,21.7,56.2
422668,19.0,56.2
422769,19.4,56.2
422869,20.0,56.2
422969,19.9,56.2
423070,20.0,56.2
423170,19.9,56.2
423270,19.4,56.2
423370,20.5,56.3
423471,19.5,56.3
423571,21.0,56.3
423672,20.9,56.3
423772,20.0,56.3
423872,19.4,56.3
423973,20.0,56.3
424073,19.9,56.3
424173,20.0,56.3
424274,19.4,56.3
424374,20.6,56.3
424474,20.5,56.3
424575,20.5,56.3
424675,19.5,56.3
424775,20.1,56.3
424876,19.4,56.3
424976,19.4,56.3
425077,20.0,56.3
425177,20.4,56.3
425277,19.9,56.3
425378,22.3,56.3
425478,21.0,56.3
425578,19.4,56.3
425679,20.0,56.3
425779,20.4,56.3
425879,19.5,56.3
425980,19.9,56.3
426080,19.4,56.3
426180,21.2,56.3
426281,19.9,56.3
426381,20.0,56.3
426481,19.5,56.3
426582,20.4,56.3
426682,21.0,56.3
426782,20.0,56.3
426883,19.9,56.3
426983,19.5,56.3
427083,19.5,56.3
427184,19.4,56.3
427284,19.5,56.3
427384,20.5,56.3
427485,19.0,56.3
427585,20.4,56.4
427686,19.9,56.4
427786,20.3,56.4
427886,20.0,56.4
427987,19.9,56.3
428087,19.5,56.3
428187,20.6,56.3
428288,19.9,56.4
428388,20.0,56.4
428488,20.0,56.4
428589,19.4,56.4
428689,19.4,56.4
428789,19.4,56.4
428890,20.0,56.4
428990,20.4,56.4
429090,20.4,56.4
429191,19.5,56.4
429291,20.4,56.4
429391,21.0,56.4
429492,19.9,56.4
429592,19.9,56.4
429692,20.8,56.4
429793,19.9,56.5
429893,20.5,56.5
429993,19.9,56.5
430093,21.2,56.5
430195,18.7,56.5
430295,20.1,56.5
430395,21.0,56.5
430496,20.6,56.5
430596,19.9,56.5
430696,20.5,56.5
430797,19.9,56.5
430897,20.5,56.5
430998,19.4,56.5
431098,20.5,56.5
431198,19.4,56.5
431299,21.4,56.5
431399,20.5,56.5
431499,21.5,56.5
431600,19.4,56.6
431700,20.0,56.6
431800,19.4,56.6
431901,19.4,56.6
432001,18.8,56.6
432101,19.9,56.6
432202,19.5,56.6
432302,18.7,56.6
432402,19.5,56.6
432503,20.5,56.6
432603,19.4,56.6
432703,20.5,56.6
432803,19.4,56.4
432904,19.4,56.4
433004,20.4,56.4
433104,20.4,56.4
433205,20.0,56.4
433305,19.4,56.4
433406,20.0,56.4
433506,20.0,56.4
433606,18.8,56.4
433707,21.0,56.4
433807,19.2,56.4
433907,19.4,56.4
434008,20.0,56.4
434108,19.9,56.4
434208,20.6,56.4
434309,18.8,56.4
434409,20.5,56.4
434509,21.5,56.4
434610,20.5,56.4
434710,21.2,56.4
434810,18.8,56.4
434911,19.9,56.4
435011,19.6,56.4
435111,19.4,56.4
435212,19.4,56.4
435312,19.0,56.4
435412,21.2,56.4
435513,19.4,56.4
435613,19.4,56.4
435713,21.4,56.4
435814,18.8,56.4
435914,19.4,56.4
436014,20.0,56.4
436115,22.0,56.4
436215,20.0,56.4
436316,20.5,56.4
436416,20.0,56.4
436516,19.4,56.4
436617,19.9,56.4
436717,19.9,56.4
436817,19.4,56.4
436918,19.5,56.4
437018,20.5,56.4
437118,18.3,56.4
437219,19.4,56.5
437319,20.0,56.5
437419,20.5,56.5
437520,18.3,56.5
437620,20.4,56.5
437720,20.0,56.5
437821,20.4,56.5
437921,20.0,56.5
438021,19.4,56.5
438122,20.5,56.5
438222,20.5,56.5
438323,20.5,56.5
438423,19.9,56.5
438523,19.5,56.5
438624,20.0,56.5
438724,21.0,56.5
438824,19.4,56.5
438925,19.5,56.5
439025,19.9,56.5
439125,18.4,56.5
439226,20.5,56.5
439326,18.8,56.5
439426,19.6,56.5
439527,21.4,56.5
439627,20.5,56.5
439727,21.2,56.5
439828,18.8,56.5
439928,19.4,56.5
440029,19.5,56.5
440129,18.8,56.5
440229,20.1,56.5
440330,19.4,56.5
440430,20.6,56.5
440531,20.4,56.6
440631,19.4,56.5
440731,19.5,56.5
440832,19.9,56.5
440932,19.5,56.6
441032,19.4,56.6
441133,18.8,56.6
441233,20.0,56.5
441333,20.0,56.6
441434,20.0,56.6
441534,19.9,56.6
441634,18.8,56.6
441735,17.8,56.6
441835,19.9,56.6
441935,19.5,56.6
442035,19.5,56.6
442136,20.0,56.6
442236,19.5,56.6
442337,19.5,56.6
442437,19.0,56.6
442537,19.5,56.6
442638,19.7,56.6
442738,18.3,56.6
442838,19.0,56.6
442939,19.0,56.6
443039,20.5,56.7
443139,18.8,56.7
443240,17.5,56.7
443340,18.3,56.7
443440,19.5,56.7
443541,19.6,56.7
443641,18.8,56.7
443741,19.5,56.7
443842,19.5,56.7
443942,18.3,56.7
444042,20.0,56.7
444143,27.6,56.7
444243,25.3,56.7
444344,17.8,56.7
444444,20.0,56.7
444544,19.0,56.7
444645,20.1,56.7
444745,19.5,56.7
444846,19.4,56.7
444946,18.8,56.7
445046,19.9,56.7
445147,19.0,56.7
445247,18.3,56.7
445347,20.6,56.7
445448,20.1,56.7
445548,18.3,56.7
445649,19.0,56.7
445749,19.4,56.7
445849,18.4,56.7
445950,18.4,56.7
446050,18.7,56.7
446150,19.5,56.7
446251,19.0,56.7
446351,19.5,56.7
446451,17.9,56.7
446552,18.3,56.7
446652,19.4,56.7
446752,19.0,56.7
446853,18.8,56.7
446953,19.0,56.7
447053,18.8,56.7
447153,18.4,56.8
447254,18.3,56.8
447354,19.5,56.8
447455,19.0,56.8
447555,18.4,56.8
447655,18.3,56.8
447756,18.3,56.8
447856,19.5,56.8
447956,19.4,56.8
448057,18.8,56.8
448157,17.9,56.8
448257,19.0,56.8
448357,18.4,56.8
448458,18.8,56.8
448558,19.4,56.8
448659,18.3,56.8
448759,19.5,56.8
448859,17.8,56.8
448959,19.4,56.8
449060,17.8,56.8
449160,18.3,56.8
449260,18.4,56.8
449361,19.9,56.8
449461,19.5,56.8
449561,18.3,56.8
449662,19.6,56.8
449762,19.6,56.8
449863,19.4,56.8
449963,17.8,56.8
450063,18.8,56.8
450164,20.1,56.8
450264,19.4,56.8
450364,19.0,56.8
450465,21.0,56.8
450565,19.9,56.8
450665,19.9,56.8
450766,18.8,56.8
450866,19.6,56.8
450967,18.3,56.9
451067,19.9,56.9
451167,19.4,56.9
451268,19.5,56.9
451368,19.9,56.9
451468,20.1,56.9
451569,19.5,56.9
451669,19.4,56.9
451769,20.0,56.9
451870,19.4,56.9
451970,18.3,56.9
452070,20.5,56.9
452171,18.8,56.9
452271,19.5,56.9
452371,18.8,56.9
452472,18.8,56.9
452572,18.3,56.9
452672,20.0,56.9
452773,19.4,56.9
452873,19.0,56.9
452973,20.0,56.9
453074,18.8,56.9
453174,17.6,56.9
453275,18.8,56.9
453375,20.6,56.9
453475,19.5,56.9
453576,18.8,56.9
453676,20.0,56.9
453777,19.2,56.9
453877,19.0,56.9
453977,18.8,56.9
454077,18.8,56.9
454178,19.9,56.9
454278,19.4,56.9
454379,19.5,56.9
454479,19.4,56.9
454579,18.8,56.9
454680,21.2,56.9
454780,18.2,57.0
454880,19.4,56.9
454981,20.0,56.9
455081,19.4,56.9
455181,19.9,57.0
455282,19.5,57.0
455382,21.3,57.0
455483,19.9,57.0
455583,18.8,57.0
455683,20.0,57.0
455784,19.4,57.0
455884,19.4,57.0
455985,19.9,57.0
456085,21.0,57.0
456185,19.5,57.0
456286,20.0,57.0
456386,19.5,57.0
456486,19.9,57.0
456587,19.0,57.0
456687,19.4,57.0
456787,18.8,57.0
456888,20.0,57.0
456988,19.5,57.0
457089,19.4,57.0
457189,19.5,57.0
457289,19.9,57.0
457390,19.4,57.0
457490,19.5,57.0
457590,19.0,57.0
457691,19.9,57.0
457791,18.3,57.0
457891,19.5,57.0
457992,18.2,57.0
458092,20.8,57.0
458192,20.0,57.0
458293,20.0,57.0
458393,18.4,57.0
458493,19.9,57.0
458594,19.5,57.0
458694,20.0,57.1
458794,19.4,57.1
458895,19.4,57.1
458995,20.1,57.1
459095,18.8,57.1
459196,19.5,57.1
459296,19.4,57.1
459396,19.0,57.1
459497,20.5,57.1
459597,19.4,57.1
459697,20.6,57.1
459798,19.9,57.1
459898,19.4,57.1
459998,19.4,57.2
460099,19.4,57.2
460199,19.5,57.2
460299,20.5,57.2
460400,19.5,57.2
460500,19.4,57.2
460601,18.8,57.2
460701,19.0,57.2
460801,19.4,57.2
460902,20.4,57.2
461002,18.8,57.2
461102,18.8,57.2
461203,18.7,57.2
461303,19.4,57.2
461403,19.5,57.2
461504,19.5,57.2
461604,19.4,57.2
461704,18.8,57.2
461805,19.4,57.2
461905,18.8,57.2
462005,19.5,57.2
462105,20.4,57.2
462206,19.1,57.2
462306,19.5,57.2
462407,21.3,57.3
462507,19.4,57.3
462607,20.4,57.3
462708,19.5,57.3
462808,18.7,57.3
462908,18.8,57.3
463009,19.0,57.3
463109,19.4,57.3
463209,18.3,57.3
463310,19.5,57.3
463410,19.4,57.3
463510,20.0,57.3
463611,18.8,57.3
463711,19.9,57.3
463811,19.9,57.3
463912,19.5,57.3
464012,19.5,57.3
464112,19.4,57.3
464213,21.2,57.3
464313,19.5,57.3
464413,19.0,57.3
464514,19.5,57.3
464614,18.8,57.3
464714,20.6,57.4
464815,18.8,57.4
464915,19.5,57.4
465015,19.5,57.4
465116,19.5,57.4
465216,20.4,57.4
465316,20.5,57.4
465417,20.4,57.4
465517,20.5,57.4
465617,19.9,57.4
465718,18.3,57.4
465818,18.4,57.4
465918,20.0,57.4
466019,19.9,57.4
466119,19.9,57.4
466220,20.1,57.4
466320,19.0,57.4
466420,19.0,57.4
466521,19.9,57.4
466621,19.5,57.4
466721,19.9,57.4
466822,18.8,57.4
466922,19.0,57.4
467022,19.4,57.4
467123,19.5,57.4
467223,19.9,57.4
467323,19.5,57.4
467424,20.6,57.4
467524,19.4,57.4
467624,20.0,57.4
467725,19.5,57.4
467825,18.8,57.4
467925,19.9,57.4
468025,19.5,57.4
468126,19.1,57.4
468226,20.5,57.4
468327,19.4,57.4
468427,19.5,57.4
468527,18.8,57.4
468628,19.0,57.5
468728,20.0,57.5
468828,18.8,57.5
468929,17.8,57.5
469029,18.1,57.5
469129,18.2,57.5
469230,19.4,57.5
469330,19.4,57.5
469430,21.3,57.5
469531,20.5,57.5
469631,18.8,57.5
469732,21.8,57.5
469832,20.0,57.5
469932,20.0,57.5
470033,19.9,57.5
470133,19.5,57.5
470233,20.0,57.5
470334,19.5,57.5
470434,19.9,57.5
470534,19.4,57.5
470635,19.4,57.5
470735,18.8,57.5
470836,19.9,57.5
470936,19.4,57.5
471036,19.5,57.5
471137,20.5,57.5
471237,19.5,57.6
471337,19.5,57.6
471437,19.4,57.6
471538,20.4,57.6
471638,19.5,57.6
471739,20.4,57.6
471839,18.7,57.6
471939,19.0,57.6
472040,19.5,57.6
472140,19.4,57.6
472240,19.6,57.6
472341,20.5,57.6
472441,19.5,57.6
472541,19.0,57.6
472642,19.5,57.6
472742,19.9,57.6
472842,19.4,57.6
472943,20.0,57.6
473043,20.0,57.6
473143,19.5,57.6
473244,19.5,57.6
473344,19.9,57.6
473444,21.2,57.6
473545,19.2,57.7
473645,18.3,57.7
473746,19.2,57.7
473846,18.2,57.7
473946,20.1,57.7
474047,20.3,57.8
474147,38.5,57.9
474247,22.2,57.9
474348,19.0,57.9
474448,18.7,57.9
474549,19.0,57.9
474649,19.9,57.9
474749,20.8,57.9
474850,19.0,57.9
474950,19.9,57.9
475050,19.0,57.9
475151,19.9,57.9
475251,19.0,57.9
475351,21.2,57.9
475452,18.3,57.9
475552,17.5,57.9
475652,20.0,57.9
475753,19.9,57.9
475853,19.5,57.9
475953,19.4,57.9
476054,20.0,57.9
476154,19.4,57.9
476255,19.4,57.9
476355,19.4,57.9
476455,20.0,57.9
476556,20.0,57.9
476656,19.4,57.9
476756,20.0,57.9
476857,19.4,57.9
476957,19.4,57.9
477057,19.5,58.0
477158,19.9,58.0
477258,19.4,57.9
477358,19.0,58.0
477459,19.6,58.0
477559,20.5,58.0
477660,20.4,58.0
477760,18.8,58.0
477860,19.9,58.0
477961,19.9,58.0
478061,19.5,58.0
478161,19.9,58.0
478261,20.1,58.0
478362,19.5,58.0
478462,20.0,58.0
478563,19.4,58.0
478663,20.0,58.0
478763,18.3,58.0
478864,20.4,58.0
478964,18.8,58.0
479064,20.0,58.0
479165,19.4,58.0
479265,19.0,58.0
479366,19.4,58.0
479466,19.9,58.0
479566,18.3,58.0
479666,19.4,58.0
479767,20.6,58.0
479867,20.0,58.0
479968,19.9,58.0
480068,20.0,58.0
480169,18.3,58.0
480269,19.9,58.0
480369,18.8,58.0
480470,20.0,58.1
480570,19.0,58.1
480671,19.4,58.1
480771,19.9,58.1
480871,19.0,58.1
480972,20.5,58.1
481072,19.5,58.1
481172,18.8,58.1
481272,20.0,58.1
481373,20.0,58.1
481473,20.0,58.0
481573,19.9,58.0
481674,19.5,58.1
481774,19.4,58.1
481874,19.9,58.1
481975,19.4,58.1
482075,19.5,58.1
482175,20.0,58.1
482276,19.5,58.1
482376,21.0,58.1
482477,20.0,58.1
482577,19.9,58.1
482677,19.4,58.1
482778,18.8,58.1
482878,19.4,58.1
482978,19.4,58.1
483078,19.0,58.1
483179,19.9,58.1
483279,18.8,58.1
483379,20.0,58.1
483480,20.5,58.1
483580,19.5,58.1
483681,19.0,58.1
483781,18.8,58.1
483881,18.8,58.1
483982,19.5,58.1
484082,19.5,58.1
484182,18.8,58.1
484283,20.8,58.1
484383,20.0,58.1
484483,19.5,58.1
484584,19.4,58.1
484684,19.9,58.1
484784,21.8,58.1
484885,19.0,58.1
484985,19.4,58.1
485085,19.4,58.1
485186,19.9,58.1
485286,20.0,58.1
485386,20.8,58.1
485487,19.9,58.1
485587,18.8,58.1
485687,18.8,58.1
485788,19.9,58.1
485888,19.9,58.1
485988,20.5,58.1
486089,20.1,58.1
486189,19.4,58.1
486289,19.9,58.2
486389,19.4,58.2
486490,20.0,58.2
486590,18.7,58.2
486691,20.0,58.2
486791,20.0,58.2
486891,20.5,58.2
486992,19.2,58.2
487092,19.0,58.2
487192,19.0,58.2
487293,20.5,58.2
487393,19.4,58.2
487493,19.5,58.2
487594,19.4,58.2
487694,19.9,58.2
487794,19.0,58.2
487895,18.8,58.2
487995,18.7,58.2
488095,20.4,58.2
488196,18.3,58.2
488296,20.5,58.2
488397,21.0,58.2
488497,19.0,58.2
488598,19.9,58.2
488698,19.4,58.2
488798,18.8,58.2
488899,20.0,58.2
488999,19.4,58.2
489099,20.0,58.3
489200,19.9,58.2
489300,18.8,58.2
489400,19.4,58.2
489501,19.5,58.2
489601,19.9,58.2
489701,19.5,58.2
489802,19.5,58.3
489902,19.5,58.3
490002,19.0,58.3
490103,20.0,58.3
490203,19.4,58.3
490303,20.1,58.3
490404,19.9,58.3
490504,20.0,58.3
490605,20.0,58.3
490705,19.4,58.2
490805,18.8,58.2
490906,19.5,58.2
491006,19.9,58.2
491107,19.5,58.3
491207,19.9,58.3
491307,18.8,58.3
491408,20.0,58.3
491508,20.0,58.3
491608,20.4,58.3
491709,20.5,58.3
491809,18.8,58.3
491909,20.0,58.3
492010,19.9,58.3
492110,18.4,58.3
492211,18.8,58.3
492311,19.0,58.3
492411,19.9,58.3
492512,20.0,58.3
492612,18.8,58.3
492712,20.0,58.3
492813,20.0,58.3
492913,19.9,58.3
493013,20.0,58.3
493114,20.6,58.3
493214,19.4,58.3
493314,18.8,58.3
493415,20.5,58.3
493515,19.5,58.4
493616,19.2,58.4
493716,19.5,58.4
493816,18.8,58.4
493917,20.0,58.4
494017,19.9,58.3
494117,19.0,58.3
494217,19.5,58.3
494318,20.5,58.3
494418,18.8,58.3
494518,18.1,58.3
494619,19.4,58.3
494719,19.5,58.3
494819,19.0,58.4
494920,20.5,58.4
495020,18.3,58.3
495121,20.5,58.4
495221,18.8,58.4
495321,19.5,58.4
495422,21.4,58.4
495522,21.0,58.4
495622,19.4,58.4
495723,19.0,58.4
495823,18.8,58.4
495923,19.5,58.4
496024,19.4,58.4
496124,18.8,58.4
496225,20.0,58.4
496325,19.5,58.4
496426,21.0,58.4
496526,19.5,58.4
496626,19.4,58.4
496727,19.5,58.4
496827,18.3,58.4
496927,20.0,58.4
497028,20.4,58.4
497128,19.0,58.4
497228,18.4,58.4
497329,19.9,58.4
497429,19.5,58.4
497529,20.0,58.4
497630,19.9,58.4
497730,18.3,58.5
497831,18.8,58.5
497931,19.2,58.5
498031,19.5,58.5
498132,18.8,58.5
498232,20.6,58.5
498332,18.8,58.5
498433,19.6,58.5
498533,18.8,58.5
498633,19.0,58.5
498734,20.9,58.5
498834,19.4,58.5
498934,18.3,58.5
499035,20.0,58.5
499135,18.4,58.5
499235,19.5,58.5
499336,19.9,58.5
499436,21.2,58.5
499536,19.9,58.5
499637,20.5,58.5
499737,19.4,58.5
499837,20.6,58.5
499938,20.0,58.6
500038,19.5,58.6
500138,19.7,58.6
500239,20.6,58.6
500339,18.3,58.6
500439,20.0,58.6
500540,19.4,58.6
500640,18.8,58.6
500740,19.0,58.7
500841,20.5,58.7
500941,18.8,58.7
501041,18.3,58.7
501142,20.0,58.7
501242,19.4,58.7
501342,19.0,58.7
501443,20.1,58.7
501543,19.2,58.7
501643,19.9,58.7
501744,20.0,58.7
501844,18.8,58.7
501944,20.0,58.7
502045,20.0,58.7
502145,18.3,58.7
502245,20.1,58.7
502346,19.5,58.7
502446,20.0,58.7
502546,20.0,58.7
502647,19.9,58.7
502747,19.5,58.7
502847,18.8,58.7
502948,20.0,58.7
503048,19.5,58.7
503148,19.5,58.7
503249,19.4,58.7
503349,19.0,58.7
503450,20.0,58.7
503550,19.4,58.7
503650,20.5,58.7
503750,18.8,58.7
503851,20.0,58.7
503951,19.4,58.7
504051,20.0,58.7
504152,18.8,58.7
504252,20.1,58.7
504353,19.5,58.7
504453,19.9,58.7
504553,18.4,58.7
504654,19.4,58.7
504754,18.8,58.7
504854,20.6,58.7
504955,19.9,58.8
505055,19.9,58.8
505155,19.1,58.8
505256,20.0,58.8
505356,20.1,58.8
505456,20.0,58.8
505557,19.9,58.8
505657,19.5,58.8
505758,19.4,58.8
505858,19.5,58.8
505958,19.9,58.8
506059,19.0,58.8
506159,20.0,58.8
506259,19.4,58.8
506360,19.5,58.8
506460,19.5,58.8
506560,19.4,58.8
506661,20.0,58.8
506761,19.4,58.8
506861,18.4,58.8
506962,19.2,58.9
507062,19.0,58.9
507162,19.5,58.9
507263,20.0,58.9
507363,19.5,58.9
507463,19.0,58.9
507564,19.0,58.9
507664,18.7,58.9
507764,18.3,58.9
507865,19.4,58.9
507965,19.4,58.9
508065,19.4,58.9
508166,20.6,58.9
508266,18.8,58.9
508366,20.4,58.9
508467,20.0,58.9
508567,20.0,58.9
508667,18.2,58.9
508855,22.0,58.9
508971,21.8,58.9
509074,21.0,58.9
509174,21.8,58.9
509275,20.9,58.9
509375,21.3,58.9
509475,21.9,58.9
509576,20.8,58.9
509676,21.3,58.9
509776,19.2,58.9
509877,21.4,58.9
509977,19.7,59.0
510077,20.3,59.0
510178,20.6,59.0
510278,21.1,59.0
510379,20.8,59.0
510479,20.8,59.0
510579,20.3,59.0
510680,20.3,59.0
510780,22.2,59.0
510880,20.3,59.0
510981,20.1,59.0
511081,20.1,59.0
511181,20.3,59.0
511282,19.0,59.0
511382,19.6,59.0
511482,20.1,59.0
511582,19.9,59.0
511683,18.8,59.0
511783,20.0,59.0
511883,19.4,59.0
511984,19.0,59.0
512084,20.4,59.0
512184,20.0,59.0
512285,20.0,59.1
512385,20.0,59.1
512486,17.8,59.1
512586,20.5,59.1
512686,19.5,59.1
512786,19.9,59.1
512887,19.4,59.1
512987,19.4,59.1
513088,18.8,59.1
513188,20.0,59.1
513288,20.0,59.1
513389,19.9,59.1
513489,19.5,59.1
513589,19.4,59.1
513690,19.9,59.1
513790,18.3,59.1
513890,20.0,59.1
513991,18.8,59.1
514091,20.0,59.1
514191,18.7,59.1
514292,19.0,59.1
514392,19.5,59.1
514493,19.5,59.1
514593,19.4,59.1
514693,19.5,59.1
514794,19.4,59.1
514894,20.1,59.1
514994,19.4,59.1
515095,18.8,59.1
515195,19.0,59.1
515295,19.4,59.1
515396,21.3,59.1
515496,20.0,59.1
515596,19.4,59.1
515697,19.4,59.1
515797,19.5,59.1
515898,19.4,59.1
515998,19.0,59.1
516098,19.4,59.1
516199,19.0,59.1
516299,20.5,59.1
516399,19.4,59.1
516500,19.5,59.1
516600,18.8,59.1
516701,20.5,59.1
516801,19.5,59.1
516901,18.3,59.2
517002,19.9,59.2
517102,20.0,59.2
517202,18.8,59.2
517303,20.5,59.2
517403,20.0,59.2
517503,18.8,59.1
517604,19.4,59.1
517704,20.0,59.2
517804,19.4,59.2
517905,19.5,59.2
518005,19.9,59.2
518105,19.5,59.2
518206,20.0,59.2
518306,19.0,59.2
518407,20.5,59.2
518507,19.9,59.2
518607,20.5,59.2
518708,19.9,59.2
518808,19.4,59.2
518908,19.0,59.2
519009,19.0,59.2
519109,19.4,59.2
519209,19.0,59.2
519310,19.4,59.2
519410,20.0,59.2
519510,19.5,59.2
519610,19.5,59.2
519711,19.5,59.2
519811,19.4,59.2
519911,21.2,59.2
520012,20.0,59.2
520112,19.5,59.2
520212,20.0,59.2
520313,19.0,59.2
520413,20.5,59.2
520514,19.9,59.2
520614,20.5,59.3
520714,19.0,59.3
520815,19.4,59.3
520915,20.0,59.3
521015,19.4,59.3
521116,20.5,59.3
521216,19.0,59.3
521317,18.8,59.3
521417,19.5,59.3
521517,19.4,59.3
521618,19.4,59.3
521718,19.5,59.3
521818,19.9,59.3
521919,19.5,59.3
522019,19.9,59.3
522119,19.6,59.3
522219,20.4,59.3
522320,20.5,59.3
522420,21.3,59.3
522520,18.3,59.3
522621,20.9,59.3
522721,19.4,59.3
522821,19.5,59.3
522922,19.9,59.3
523022,19.0,59.3
523123,18.8,59.3
523223,20.4,59.4
523323,19.5,59.4
523423,20.6,59.4
523524,19.9,59.4
523624,19.0,59.4
523724,19.4,59.4
523825,19.5,59.4
523925,19.4,59.4
524025,20.0,59.4
524126,20.5,59.4
524226,19.0,59.4
524326,19.4,59.4
524427,20.5,59.4
524527,19.0,59.4
524628,19.9,59.4
524728,19.9,59.4
524828,20.5,59.4
524929,20.1,59.4
525029,19.5,59.5
525129,18.8,59.5
525230,19.5,59.5
525330,19.5,59.5
525430,20.1,59.5
525531,19.5,59.5
525631,19.4,59.5
525731,18.3,59.5
525832,20.0,59.5
525932,19.4,59.5
526032,19.9,59.5
526132,20.0,59.5
526233,19.0,59.5
526333,19.2,59.5
526434,19.0,59.5
526534,19.5,59.5
526634,19.4,59.5
526735,19.5,59.5
526835,19.4,59.5
526935,19.0,59.5
527036,19.9,59.5
527136,19.9,59.5
527236,19.5,59.5
527337,18.3,59.5
527437,37.0,59.6
527538,35.7,59.6
527638,18.3,59.6
527738,19.4,59.6
527839,20.0,59.6
527939,19.9,59.6
528039,19.0,59.6
528140,20.5,59.6
528240,19.0,59.6
528340,20.4,59.6
528441,20.1,59.6
528541,19.4,59.6
528642,19.4,59.6
528742,19.9,59.6
528842,18.8,59.6
528942,19.5,59.6
529043,19.9,59.6
529143,18.3,59.6
529243,19.9,59.6
529344,19.4,59.6
529444,20.1,59.6
529545,19.4,59.6
529645,19.5,59.6
529745,19.5,59.6
529845,20.5,59.6
529946,20.0,59.6
530046,19.0,59.6
530147,19.9,59.6
530247,19.7,59.6
530347,19.4,59.6
530448,19.6,59.6
530548,19.4,59.6
530648,19.4,59.6
530749,18.8,59.6
530849,20.0,59.6
530949,19.4,59.6
531050,19.9,59.6
531150,18.8,59.6
531250,19.5,59.6
531351,19.5,59.6
531451,19.5,59.6
531551,19.2,59.6
531652,19.5,59.6
531752,18.8,59.6
531853,20.4,59.6
531953,18.3,59.6
532053,20.0,59.7
532154,20.0,59.7
532254,20.0,59.6
532354,19.5,59.6
532455,19.9,59.6
532555,20.0,59.6
532655,18.8,59.7
532756,18.8,59.6
532856,19.4,59.7
532956,19.5,59.7
533057,18.7,59.7
533157,19.9,59.7
533257,19.5,59.7
533358,20.0,59.7
533458,20.5,59.7
533559,19.4,59.7
533659,20.0,59.7
533759,19.4,59.7
533860,18.5,59.7
533960,20.4,59.7
534060,19.0,59.7
534161,20.0,59.7
534261,20.6,59.7
534361,20.0,59.7
534462,18.8,59.7
534562,19.5,59.7
534663,20.5,59.7
534763,17.8,59.7
534863,19.4,59.7
534963,20.1,59.7
535064,20.5,59.7
535164,18.8,59.7
535265,19.5,59.7
535365,20.8,59.7
535466,17.8,59.7
535566,19.4,59.7
535666,19.9,59.7
535767,19.4,59.7
535867,19.9,59.8
535967,19.5,59.8
536068,20.4,59.8
536168,18.8,59.8
536268,19.6,59.8
536369,19.9,59.8
536469,19.5,59.8
536570,19.4,59.8
536670,19.5,59.8
536770,18.3,59.8
536871,18.7,59.8
536971,18.6,59.8
537072,18.2,59.8
537172,18.6,59.8
537272,18.3,59.8
537373,20.1,59.8
537473,20.5,59.8
537573,19.5,59.8
537674,20.0,59.8
537774,19.0,59.8
537874,19.9,59.8
537975,20.0,59.8
538075,18.3,59.8
538176,20.5,59.9
538276,20.1,59.9
538376,20.5,59.9
538477,19.0,59.9
538577,18.8,59.9
538677,20.4,59.9
538778,18.3,59.9
538878,19.0,59.9
538978,18.8,59.9
539079,19.4,59.9
539179,19.0,59.9
539279,19.9,59.9
539380,19.0,59.9
539480,18.8,59.9
539580,18.8,59.9
539681,19.5,59.9
539781,19.4,59.9
539881,19.0,59.9
539982,20.6,59.9
540082,21.0,59.9
540182,19.4,59.9
540283,20.6,59.9
540383,19.4,59.9
540483,19.0,59.9
540584,20.4,59.9
540684,20.0,59.9
540784,19.5,59.9
540885,20.4,59.9
540985,22.9,59.8
541086,20.3,59.8
541186,21.4,59.8
541286,19.9,59.8
541387,20.5,59.8
541487,19.5,59.8
541587,19.9,59.8
541688,20.0,59.8
541788,19.4,59.8
541888,20.5,59.8
541989,18.2,59.8
542089,19.5,59.8
542189,19.5,59.8
542290,19.5,59.8
542390,20.0,59.8
542491,19.0,59.8
542591,20.4,59.8
542691,19.5,59.8
542792,20.0,59.8
542892,19.5,59.8
542992,19.4,59.9
543093,19.5,59.9
543193,20.5,59.9
543293,19.5,59.9
543394,20.4,59.9
543494,19.5,59.9
543594,19.0,59.9
543695,19.9,59.9
543795,18.4,59.9
543896,19.9,59.9
543996,19.4,59.9
544096,19.5,59.9
544197,20.1,59.9
544297,19.5,59.9
544397,19.9,59.9
544498,19.5,59.9
544598,18.8,59.9
544698,19.5,59.9
544799,19.2,59.9
544899,18.3,59.9
544999,20.8,59.9
545100,19.4,60.0
545200,18.8,60.0
545301,19.5,60.0
545401,21.2,60.0
545501,18.3,60.0
545602,19.9,60.0
545702,19.5,60.0
545802,19.5,60.0
545902,19.4,60.0
546003,19.5,60.0
546103,17.8,60.0
546204,20.6,60.0
546304,19.4,60.0
546404,18.2,60.0
546505,19.4,60.0
546605,18.3,60.0
546706,20.0,60.0
546806,20.9,60.0
546906,20.0,60.0
547007,19.9,60.1
547107,19.2,60.1
547207,19.5,60.1
547308,19.4,60.1
547408,20.5,60.1
547509,20.4,60.1
547609,19.9,60.1
547709,21.0,60.1
547810,19.9,60.1
547910,19.9,60.1
548010,20.4,60.0
548111,20.5,60.0
548211,20.0,60.0
548311,21.4,60.0
548412,20.6,60.1
548512,20.4,60.1
548612,20.4,60.1
548713,20.5,60.1
548813,21.0,60.1
548913,20.9,60.1
549014,20.0,60.1
549114,19.9,60.1
549214,20.0,60.1
549315,19.7,60.1
549415,20.1,60.1
549515,20.3,60.1
549616,20.0,60.1
549716,20.4,60.1
549816,19.5,60.1
549917,21.4,60.1
550017,21.3,60.1
550117,20.4,60.1
550218,22.2,60.1
550318,19.9,60.1
550419,22.2,60.1
550519,20.3,60.1
550619,20.0,60.1
550720,20.5,60.1
550820,21.0,60.1
